rank,score,super_aggressive_priority,super_aggressive_recommendation,match_category,tracker_status,job_title,company_name,location,job_link,source,source_url,date_posted,date_collected,salary_min,salary_max,industry,work_arrangement,parsing_confidence,match_reasons,gaps,missing_skills,red_flags,cv_tailoring_notes,job_description,requirements,responsibilities,raw_text,data_origin,duplicate_group_key,apply_notes
1,70,Priority 2 - Apply Today,Apply,Possible Match,,Lowongan kerja PT Alamtri Resources Indonesia Tbk,PT Alamtri,Jakarta,https://www.gokerja.id/lowongan-kerja-pt-alamtri-resources-indonesia-tbk/,Gokerja - Fresh Graduate,,,,,,,,90.0,Role match: MT; Experience match: Entry level (0-2 years); Industry match: Logistics; Leadership/Execution fit; Willing to relocate (nationwide),None detected,,"MT_ODP_MATCH, FRESH_GRAD_ACCEPTED, MAJOR_RISK, NATIONWIDE_PLACEMENT",Highlight operational leadership and D4 Bisnis Internasional background from Unpad.,"Lowongan kerja PT Alamtri Resources Indonesia Tbk Gokerja ID - Skip to content Kamis, 7 Mei 2026 News Lowongan Kerja PT Yapindo Transportama (PCP Express) Lowongan Management Trainee PT Surya Toto Indonesia Tbk (TOTO) Lowongan Management Trainee PT Puninar Logistics Officer Development Program (ODP) Bank BNI Unilever Future Leadership Program PT Unilever Indonesia Tbk MENU Hubungi Kami Beranda Disclaimer Hubungi Kami Kategori BUMN CARA CEPAT DAPAT KERJA DIPLOMA FRESH GRADUATE INSTANSI LOKER SMA ...",,,,merged_duplicate,https://www.gokerja.id/lowongan-kerja-pt-alamtri-resources-indonesia-tbk/,Apply today. Good volume target.
2,70,Priority 2 - Apply Today,Apply,Possible Match,,Management Trainee PT Astra International Tbk – Isuzu Sales Operation,PT Astra,Jakarta,https://www.gokerja.id/maganement-trainee-pt-astra-international-tbk-isuzu-sales-operation/,Gokerja - Management Trainee,,,,,,,,90.0,Role match: Management Trainee; Experience match: Entry level (0-2 years); Industry match: Logistics; Leadership/Execution fit; Willing to relocate (nationwide),None detected,,"MT_ODP_MATCH, FRESH_GRAD_ACCEPTED, MAJOR_RISK, NATIONWIDE_PLACEMENT",Highlight operational leadership and D4 Bisnis Internasional background from Unpad.,"Maganement Trainee PT Astra International Tbk - Isuzu Skip to content Kamis, 7 Mei 2026 News Lowongan Kerja PT Yapindo Transportama (PCP Express) Lowongan Management Trainee PT Surya Toto Indonesia Tbk (TOTO) Lowongan Management Trainee PT Puninar Logistics Officer Development Program (ODP) Bank BNI Unilever Future Leadership Program PT Unilever Indonesia Tbk MENU Hubungi Kami Beranda Disclaimer Hubungi Kami Kategori BUMN CARA CEPAT DAPAT KERJA DIPLOMA FRESH GRADUATE INSTANSI LOKER SMA MAGANG MA...",,,,merged_duplicate,https://www.gokerja.id/maganement-trainee-pt-astra-international-tbk-isuzu-sales-operation/,Apply today. Good volume target.
3,70,Priority 2 - Apply Today,Apply,Possible Match,,Lowongan Management Trainee PT Molindo Raya Industrial,PT Molindo,Jakarta,https://www.gokerja.id/lowongan-management-trainee-pt-molindo-raya-industrial/,Gokerja - Management Trainee,,,,,,,,90.0,Role match: Management Trainee; Experience match: Entry level (0-2 years); Industry match: Logistics; Leadership/Execution fit; Willing to relocate (nationwide),None detected,,"MT_ODP_MATCH, FRESH_GRAD_ACCEPTED, MAJOR_RISK, NATIONWIDE_PLACEMENT",Highlight operational leadership and D4 Bisnis Internasional background from Unpad.,"Lowongan Management Trainee PT Molindo Raya Industrial Gokerja ID - Skip to content Kamis, 7 Mei 2026 News Lowongan Kerja PT Yapindo Transportama (PCP Express) Lowongan Management Trainee PT Surya Toto Indonesia Tbk (TOTO) Lowongan Management Trainee PT Puninar Logistics Officer Development Program (ODP) Bank BNI Unilever Future Leadership Program PT Unilever Indonesia Tbk MENU Hubungi Kami Beranda Disclaimer Hubungi Kami Kategori BUMN CARA CEPAT DAPAT KERJA DIPLOMA FRESH GRADUATE INSTANSI LOKER...",,,,merged_duplicate,https://www.gokerja.id/lowongan-management-trainee-pt-molindo-raya-industrial/,Apply today. Good volume target.
4,70,Priority 2 - Apply Today,Apply,Possible Match,,Lowongan Management Trainee PT Platinum Ceramics Industry,PT Platinum,Jakarta,https://www.gokerja.id/lowongan-management-trainee-pt-platinum-ceramics-industry/,Gokerja - Management Trainee,,,,,,,,90.0,Role match: Management Trainee; Experience match: Entry level (0-2 years); Industry match: Logistics; Leadership/Execution fit; Willing to relocate (nationwide),None detected,,"MT_ODP_MATCH, FRESH_GRAD_ACCEPTED, MAJOR_RISK, NATIONWIDE_PLACEMENT",Highlight operational leadership and D4 Bisnis Internasional background from Unpad.,"Lowongan Management Trainee PT Platinum Ceramics Industry Gokerja ID - Skip to content Kamis, 7 Mei 2026 News Lowongan Kerja PT Yapindo Transportama (PCP Express) Lowongan Management Trainee PT Surya Toto Indonesia Tbk (TOTO) Lowongan Management Trainee PT Puninar Logistics Officer Development Program (ODP) Bank BNI Unilever Future Leadership Program PT Unilever Indonesia Tbk MENU Hubungi Kami Beranda Disclaimer Hubungi Kami Kategori BUMN CARA CEPAT DAPAT KERJA DIPLOMA FRESH GRADUATE INSTANSI LO...",,,,merged_duplicate,https://www.gokerja.id/lowongan-management-trainee-pt-platinum-ceramics-industry/,Apply today. Good volume target.
5,70,Priority 2 - Apply Today,Apply,Possible Match,,Lowongan Management Trainee PT Propan Raya ICC,PT Propan,Jakarta,https://www.gokerja.id/lowongan-management-trainee-pt-propan-raya-icc/,Gokerja - Management Trainee,,,,,,,,90.0,Role match: Management Trainee; Experience match: Entry level (0-2 years); Industry match: Logistics; Leadership/Execution fit; Willing to relocate (nationwide),None detected,,"MT_ODP_MATCH, FRESH_GRAD_ACCEPTED, MAJOR_RISK, NATIONWIDE_PLACEMENT",Highlight operational leadership and D4 Bisnis Internasional background from Unpad.,"Lowongan Management Trainee PT Propan Raya ICC Gokerja ID - Skip to content Kamis, 7 Mei 2026 News Lowongan Kerja PT Yapindo Transportama (PCP Express) Lowongan Management Trainee PT Surya Toto Indonesia Tbk (TOTO) Lowongan Management Trainee PT Puninar Logistics Officer Development Program (ODP) Bank BNI Unilever Future Leadership Program PT Unilever Indonesia Tbk MENU Hubungi Kami Beranda Disclaimer Hubungi Kami Kategori BUMN CARA CEPAT DAPAT KERJA DIPLOMA FRESH GRADUATE INSTANSI LOKER SMA MAG...",,,,merged_duplicate,https://www.gokerja.id/lowongan-management-trainee-pt-propan-raya-icc/,Apply today. Good volume target.
6,70,Priority 2 - Apply Today,Apply,Possible Match,,Lowongan Management Trainee PT Puninar Logistics,PT Puninar,Jakarta,https://www.gokerja.id/lowongan-management-trainee-pt-puninar-logistics/,Gokerja - Management Trainee,,,,,,,,90.0,Role match: Management Trainee; Experience match: Entry level (0-2 years); Industry match: Logistics; Leadership/Execution fit; Willing to relocate (nationwide),None detected,,"MT_ODP_MATCH, FRESH_GRAD_ACCEPTED, MAJOR_RISK, NATIONWIDE_PLACEMENT",Highlight operational leadership and D4 Bisnis Internasional background from Unpad.,"Lowongan Management Trainee PT Puninar Logistics Gokerja ID - Skip to content Kamis, 7 Mei 2026 News Lowongan Kerja PT Yapindo Transportama (PCP Express) Lowongan Management Trainee PT Surya Toto Indonesia Tbk (TOTO) Lowongan Management Trainee PT Puninar Logistics Officer Development Program (ODP) Bank BNI Unilever Future Leadership Program PT Unilever Indonesia Tbk MENU Hubungi Kami Beranda Disclaimer Hubungi Kami Kategori BUMN CARA CEPAT DAPAT KERJA DIPLOMA FRESH GRADUATE INSTANSI LOKER SMA M...",,,,merged_duplicate,https://www.gokerja.id/lowongan-management-trainee-pt-puninar-logistics/,Apply today. Good volume target.
7,70,Priority 2 - Apply Today,Apply,Possible Match,,Lowongan Management Trainee PT Surya Toto Indonesia Tbk (TOTO),PT Surya,Jakarta,https://www.gokerja.id/lowongan-management-trainee-pt-surya-toto-indonesia-tbk-toto/,Gokerja - Management Trainee,,,,,,,,90.0,Role match: Management Trainee; Experience match: Entry level (0-2 years); Industry match: Logistics; Leadership/Execution fit; Willing to relocate (nationwide),None detected,,"MT_ODP_MATCH, FRESH_GRAD_ACCEPTED, MAJOR_RISK, NATIONWIDE_PLACEMENT",Highlight operational leadership and D4 Bisnis Internasional background from Unpad.,"Lowongan Management Trainee PT Surya Toto Indonesia Tbk Skip to content Kamis, 7 Mei 2026 News Lowongan Kerja PT Yapindo Transportama (PCP Express) Lowongan Management Trainee PT Surya Toto Indonesia Tbk (TOTO) Lowongan Management Trainee PT Puninar Logistics Officer Development Program (ODP) Bank BNI Unilever Future Leadership Program PT Unilever Indonesia Tbk MENU Hubungi Kami Beranda Disclaimer Hubungi Kami Kategori BUMN CARA CEPAT DAPAT KERJA DIPLOMA FRESH GRADUATE INSTANSI LOKER SMA MAGANG ...",,,,merged_duplicate,https://www.gokerja.id/lowongan-management-trainee-pt-surya-toto-indonesia-tbk-toto/,Apply today. Good volume target.
8,70,Priority 2 - Apply Today,Apply,Possible Match,,Lowongan Management Trainee Asia Pulp & Paper (APP),PT Unilever,Jakarta,https://www.gokerja.id/lowongan-management-trainee-asia-pulp-paper-app/,Gokerja - Management Trainee,,,,,,,,90.0,Role match: Management Trainee; Experience match: Entry level (0-2 years); Industry match: Logistics; Leadership/Execution fit; Willing to relocate (nationwide),None detected,,"MT_ODP_MATCH, FRESH_GRAD_ACCEPTED, MAJOR_RISK, NATIONWIDE_PLACEMENT",Highlight operational leadership and D4 Bisnis Internasional background from Unpad.,"Lowongan Management Trainee Asia Pulp & Paper (APP) Skip to content Kamis, 7 Mei 2026 News Lowongan Kerja PT Yapindo Transportama (PCP Express) Lowongan Management Trainee PT Surya Toto Indonesia Tbk (TOTO) Lowongan Management Trainee PT Puninar Logistics Officer Development Program (ODP) Bank BNI Unilever Future Leadership Program PT Unilever Indonesia Tbk MENU Hubungi Kami Beranda Disclaimer Hubungi Kami Kategori BUMN CARA CEPAT DAPAT KERJA DIPLOMA FRESH GRADUATE INSTANSI LOKER SMA MAGANG MANA...",,,,merged_duplicate,https://www.gokerja.id/lowongan-management-trainee-asia-pulp-paper-app/,Apply today. Good volume target.
9,70,Priority 2 - Apply Today,Apply,Possible Match,,Officer Development Program (ODP) Bank BNI,PT Unilever,Jakarta,https://www.gokerja.id/officer-development-program-odp-bank-bni/,Gokerja - Fresh Graduate,,,,,,,,90.0,Role match: ODP; Experience match: Entry level (0-2 years); Industry match: Logistics; Leadership/Execution fit; Willing to relocate (nationwide),None detected,,"MT_ODP_MATCH, FRESH_GRAD_ACCEPTED, MAJOR_RISK, NATIONWIDE_PLACEMENT",Highlight operational leadership and D4 Bisnis Internasional background from Unpad.,"Officer Development Program (ODP) Bank BNI Skip to content Kamis, 7 Mei 2026 News Lowongan Kerja PT Yapindo Transportama (PCP Express) Lowongan Management Trainee PT Surya Toto Indonesia Tbk (TOTO) Lowongan Management Trainee PT Puninar Logistics Officer Development Program (ODP) Bank BNI Unilever Future Leadership Program PT Unilever Indonesia Tbk MENU Hubungi Kami Beranda Disclaimer Hubungi Kami Kategori BUMN CARA CEPAT DAPAT KERJA DIPLOMA FRESH GRADUATE INSTANSI LOKER SMA MAGANG MANAGEMENT TR...",,,,merged_duplicate,https://www.gokerja.id/officer-development-program-odp-bank-bni/,Apply today. Good volume target.
10,60,Priority 2 - Apply Today,Apply,Possible Match,,Lowongan Management Trainee PT Bank Central Asia Tbk,PT Bank,Jakarta,https://www.gokerja.id/lowongan-management-trainee-pt-bank-central-asia-tbk/,Gokerja - Management Trainee,,,,,,,,90.0,Role match: Management Trainee; Leadership/Execution fit; Willing to relocate (nationwide),None detected,,"MT_ODP_MATCH, MAJOR_RISK, NATIONWIDE_PLACEMENT, VAGUE_JD",Highlight operational leadership and D4 Bisnis Internasional background from Unpad.,,,,,merged_duplicate,https://www.gokerja.id/lowongan-management-trainee-pt-bank-central-asia-tbk/,Apply today. Good volume target.
11,60,Priority 2 - Apply Today,Apply,Possible Match,,Lowongan KerjaINFO LOKER MANAGEMENT TRAINEE APRIL 2026.,PT Surya,,https://www.disnakerja.com/jobs/download/,Disnakerja - Jobs,,,,,,,,60.0,Role match: Management Trainee; Experience match: Entry level (0-2 years); Leadership/Execution fit; Willing to relocate (nationwide),None detected,,"MT_ODP_MATCH, FRESH_GRAD_ACCEPTED, MAJOR_RISK, NATIONWIDE_PLACEMENT",Highlight operational leadership and D4 Bisnis Internasional background from Unpad.,INFO LOKER MANAGEMENT TRAINEE APRIL 2026 – Download Page  – DISNAKERJA.COM Skip to content Mobile Menu Home MT / ODP BUMN INSTANSI PALM OIL MINING OIL & GAS MANUFAKTUR FRESH GRADUATE INTERN PASANG IKLAN BLOG Fresh Graduate: PT Santos Jaya Abadi (Kapal Api Global) PT Unilever Indonesia Tbk SAVORIA Group PT Partner Impian Milenial (Schoters) Seleksi Terbuka Penerimaan Pegawai Mitra Rumah Sakit Nasional Diponegoro Tahun 2026 PT Surya TOTO Indonesia Tbk PT Astra Komponen Indonesia PT Buana Lintas La...,,,,merged_duplicate,https://www.disnakerja.com/jobs/download/,Apply today. Good volume target.
12,60,Priority 2 - Apply Today,Apply,Possible Match,,INFO LOKER MANAGEMENT TRAINEE APRIL 2026,PT Surya,,https://www.disnakerja.com/jobs/,Disnakerja - Management Trainee Page 2,,,,,,,,60.0,Role match: Management Trainee; Experience match: Entry level (0-2 years); Leadership/Execution fit; Willing to relocate (nationwide),None detected,,"MT_ODP_MATCH, FRESH_GRAD_ACCEPTED, MAJOR_RISK, NATIONWIDE_PLACEMENT",Highlight operational leadership and D4 Bisnis Internasional background from Unpad.,INFO LOKER MANAGEMENT TRAINEE APRIL 2026 – DISNAKERJA.COM Skip to content Mobile Menu Home MT / ODP BUMN INSTANSI PALM OIL MINING OIL & GAS MANUFAKTUR FRESH GRADUATE INTERN PASANG IKLAN BLOG Fresh Graduate: PT Santos Jaya Abadi (Kapal Api Global) PT Unilever Indonesia Tbk SAVORIA Group PT Partner Impian Milenial (Schoters) Seleksi Terbuka Penerimaan Pegawai Mitra Rumah Sakit Nasional Diponegoro Tahun 2026 PT Surya TOTO Indonesia Tbk PT Astra Komponen Indonesia PT Buana Lintas Lautan Tbk Homepage...,,,,merged_duplicate,https://www.disnakerja.com/jobs/,Apply today. Good volume target.
13,50,Priority 3 - Apply If Fast,Maybe Apply,Weak Match,,PT Bank Tabungan Negara (Persero) Tbk,PT Bank,Jakarta,https://www.gokerja.id/lowongan-kerja-bank-btn-untuk-berbagai-jurusan/,Gokerja - Homepage,,,,,,,,90.0,Experience match: Entry level (0-2 years); Industry match: Logistics; Leadership/Execution fit; Willing to relocate (nationwide),None detected,,"FRESH_GRAD_ACCEPTED, MAJOR_RISK, NATIONWIDE_PLACEMENT",Highlight operational leadership and D4 Bisnis Internasional background from Unpad.,"BTN Talent Scounting PT Bank Tabungan Negara (Persero)Tbk Skip to content Kamis, 7 Mei 2026 News Lowongan Kerja PT Yapindo Transportama (PCP Express) Lowongan Management Trainee PT Surya Toto Indonesia Tbk (TOTO) Lowongan Management Trainee PT Puninar Logistics Officer Development Program (ODP) Bank BNI Unilever Future Leadership Program PT Unilever Indonesia Tbk MENU Hubungi Kami Beranda Disclaimer Hubungi Kami Kategori BUMN CARA CEPAT DAPAT KERJA DIPLOMA FRESH GRADUATE INSTANSI LOKER SMA MAGAN...",,,,merged_duplicate,https://www.gokerja.id/lowongan-kerja-bank-btn-untuk-berbagai-jurusan/,Apply if the form is quick.
14,50,Priority 3 - Apply If Fast,Maybe Apply,Weak Match,,Recruitment Bina BNI PT Bank Negara Indonesia (Persero) Tbk,PT Bank,Jakarta,https://www.gokerja.id/recruitment-bina-bni-pt-bank-negara-indonesia-persero-tbk/,Gokerja - Homepage,,,,,,,,90.0,Experience match: Entry level (0-2 years); Industry match: Logistics; Leadership/Execution fit; Willing to relocate (nationwide),None detected,,"FRESH_GRAD_ACCEPTED, MAJOR_RISK, NATIONWIDE_PLACEMENT",Highlight operational leadership and D4 Bisnis Internasional background from Unpad.,"Recruitment Bina BNI PT Bank Negara Indonesia (Persero) Tbk Skip to content Kamis, 7 Mei 2026 News Lowongan Kerja PT Yapindo Transportama (PCP Express) Lowongan Management Trainee PT Surya Toto Indonesia Tbk (TOTO) Lowongan Management Trainee PT Puninar Logistics Officer Development Program (ODP) Bank BNI Unilever Future Leadership Program PT Unilever Indonesia Tbk MENU Hubungi Kami Beranda Disclaimer Hubungi Kami Kategori BUMN CARA CEPAT DAPAT KERJA DIPLOMA FRESH GRADUATE INSTANSI LOKER SMA MAG...",,,,merged_duplicate,https://www.gokerja.id/recruitment-bina-bni-pt-bank-negara-indonesia-persero-tbk/,Apply if the form is quick.
15,50,Priority 3 - Apply If Fast,Maybe Apply,Weak Match,,Lowongan Kerja J&T Cargo Indonesia (PT Global Yimi Cargo),PT Global,Jakarta,https://www.gokerja.id/lowongan-kerja-jt-cargo-indonesia-pt-global-yimi-cargo/,Gokerja - Fresh Graduate,,,,,,,,90.0,Experience match: Entry level (0-2 years); Industry match: Logistics; Leadership/Execution fit; Willing to relocate (nationwide),None detected,,"FRESH_GRAD_ACCEPTED, MAJOR_RISK, NATIONWIDE_PLACEMENT",Highlight operational leadership and D4 Bisnis Internasional background from Unpad.,"Lowongan Kerja J&T Cargo Indonesia (PT Global Yimi Cargo) Gokerja ID - Skip to content Kamis, 7 Mei 2026 News Lowongan Kerja PT Yapindo Transportama (PCP Express) Lowongan Management Trainee PT Surya Toto Indonesia Tbk (TOTO) Lowongan Management Trainee PT Puninar Logistics Officer Development Program (ODP) Bank BNI Unilever Future Leadership Program PT Unilever Indonesia Tbk MENU Hubungi Kami Beranda Disclaimer Hubungi Kami Kategori BUMN CARA CEPAT DAPAT KERJA DIPLOMA FRESH GRADUATE INSTANSI LO...",,,,merged_duplicate,https://www.gokerja.id/lowongan-kerja-jt-cargo-indonesia-pt-global-yimi-cargo/,Apply if the form is quick.
16,50,Priority 3 - Apply If Fast,Maybe Apply,Weak Match,,PT Mayora Indah Tbk,PT Mayora,Jakarta,https://www.gokerja.id/lowongan-kerja-terbaru-hari-ini-dari-pt-mayora-indah-tbk/,Gokerja - Fresh Graduate,,,,,,,,90.0,Experience match: Entry level (0-2 years); Industry match: Logistics; Leadership/Execution fit; Willing to relocate (nationwide),None detected,,"FRESH_GRAD_ACCEPTED, MAJOR_RISK, NATIONWIDE_PLACEMENT",Highlight operational leadership and D4 Bisnis Internasional background from Unpad.,"Lowongan Kerja Terbaru hari ini dari PT Mayora Indah Tbk Skip to content Kamis, 7 Mei 2026 News Lowongan Kerja PT Yapindo Transportama (PCP Express) Lowongan Management Trainee PT Surya Toto Indonesia Tbk (TOTO) Lowongan Management Trainee PT Puninar Logistics Officer Development Program (ODP) Bank BNI Unilever Future Leadership Program PT Unilever Indonesia Tbk MENU Hubungi Kami Beranda Disclaimer Hubungi Kami Kategori BUMN CARA CEPAT DAPAT KERJA DIPLOMA FRESH GRADUATE INSTANSI LOKER SMA MAGANG...",,,,merged_duplicate,https://www.gokerja.id/lowongan-kerja-terbaru-hari-ini-dari-pt-mayora-indah-tbk/,Apply if the form is quick.
17,50,Priority 3 - Apply If Fast,Maybe Apply,Weak Match,,Puninar Logistics Management Trainee Program,PT Nindya,Jakarta,https://lokerbumn.com/puninar-logistics-management-trainee-program/19/2026/,LokerBumn - Management Trainee,,,,,,,,90.0,Role match: Management Trainee; Experience match: Entry level (0-2 years); Industry match: Logistics; Leadership/Execution fit; Education match: D4 Bisnis Internasional Unpad; Willing to relocate (nationwide),Requires 5+ years experience,,"MT_ODP_MATCH, FRESH_GRAD_ACCEPTED, NATIONWIDE_PLACEMENT, EXPERIENCE_TOO_HIGH",Highlight operational leadership and D4 Bisnis Internasional background from Unpad.,"Puninar Logistics Management Trainee Program - Karir dan Info Skip to content Kamis, 7 Mei 2026 News Rekrutmen Priority Banking Head dan Priority Banking Manager Bank Syariah Nasional Rekrutmen Fresh Graduate Development Program PT Wana Rimba Nusantara Rekrutmen BRILiaN Banking Associate Program (BBAP) BRI Region 15 Tahun 2026 Rekrutmen PT Nindya Karya BCA Management Trainee (MT) Program 2026 Batch 1 MENU Hubungi Kami Kategori LOKER SMA/SMK LOKER S1 LOKER D3 BUMN MANAGEMENT TRAINEE FRESH GRADUAT...",,,,merged_duplicate,https://lokerbumn.com/puninar-logistics-management-trainee-program/19/2026/,Apply if the form is quick.
18,50,Priority 3 - Apply If Fast,Maybe Apply,Weak Match,,AlamTri Alumunium Profesional Program 2026,PT Nindya,Jakarta,https://lokerbumn.com/alamtri-alumunium-profesional-program-2026/20/2026/,LokerBumn - Management Trainee,,,,,,,,90.0,Role match: MT; Willing to relocate (nationwide),None detected,,"MT_ODP_MATCH, MAJOR_RISK, NATIONWIDE_PLACEMENT, VAGUE_JD",Highlight operational leadership and D4 Bisnis Internasional background from Unpad.,,,,,merged_duplicate,https://lokerbumn.com/alamtri-alumunium-profesional-program-2026/20/2026/,Apply if the form is quick.
19,50,Priority 3 - Apply If Fast,Maybe Apply,Weak Match,,Lowongan Kerja Fresh Graduate PT Pamapersada Nusantara,PT Pamapersada,Jakarta,https://www.gokerja.id/lowongan-kerja-fresh-graduate-pt-pamapersada-nusantara/,Gokerja - Fresh Graduate,,,,,,,,90.0,Experience match: Entry level (0-2 years); Industry match: Logistics; Leadership/Execution fit; Willing to relocate (nationwide),None detected,,"FRESH_GRAD_ACCEPTED, MAJOR_RISK, NATIONWIDE_PLACEMENT",Highlight operational leadership and D4 Bisnis Internasional background from Unpad.,"Lowongan Kerja Fresh Graduate PT Pamapersada Nusantara Skip to content Kamis, 7 Mei 2026 News Lowongan Kerja PT Yapindo Transportama (PCP Express) Lowongan Management Trainee PT Surya Toto Indonesia Tbk (TOTO) Lowongan Management Trainee PT Puninar Logistics Officer Development Program (ODP) Bank BNI Unilever Future Leadership Program PT Unilever Indonesia Tbk MENU Hubungi Kami Beranda Disclaimer Hubungi Kami Kategori BUMN CARA CEPAT DAPAT KERJA DIPLOMA FRESH GRADUATE INSTANSI LOKER SMA MAGANG M...",,,,merged_duplicate,https://www.gokerja.id/lowongan-kerja-fresh-graduate-pt-pamapersada-nusantara/,Apply if the form is quick.
20,50,Priority 3 - Apply If Fast,Maybe Apply,Weak Match,,Lowongan Kerja PT Pegadaian,PT Pegadaian,Jakarta,https://www.gokerja.id/lowongan-kerja-pt-pegadaian/,Gokerja - Management Trainee,,,,,,,,90.0,Experience match: Entry level (0-2 years); Industry match: Logistics; Leadership/Execution fit; Willing to relocate (nationwide),None detected,,"FRESH_GRAD_ACCEPTED, MAJOR_RISK, NATIONWIDE_PLACEMENT",Highlight operational leadership and D4 Bisnis Internasional background from Unpad.,"Lowongan Kerja PT Pegadaian Gokerja ID - Skip to content Kamis, 7 Mei 2026 News Lowongan Kerja PT Yapindo Transportama (PCP Express) Lowongan Management Trainee PT Surya Toto Indonesia Tbk (TOTO) Lowongan Management Trainee PT Puninar Logistics Officer Development Program (ODP) Bank BNI Unilever Future Leadership Program PT Unilever Indonesia Tbk MENU Hubungi Kami Beranda Disclaimer Hubungi Kami Kategori BUMN CARA CEPAT DAPAT KERJA DIPLOMA FRESH GRADUATE INSTANSI LOKER SMA MAGANG MANAGEMENT TRAI...",,,,merged_duplicate,https://www.gokerja.id/lowongan-kerja-pt-pegadaian/,Apply if the form is quick.
21,50,Priority 3 - Apply If Fast,Maybe Apply,Weak Match,,Lowongan Kerja PT Pulau Sambu (Sambu Group),PT Pulau,Jakarta,https://www.gokerja.id/lowongan-management-trainee-pt-pulau-sambu-sambu-group/,Gokerja - Management Trainee,,,,,,,,90.0,Experience match: Entry level (0-2 years); Industry match: Logistics; Leadership/Execution fit; Willing to relocate (nationwide),None detected,,"FRESH_GRAD_ACCEPTED, MAJOR_RISK, NATIONWIDE_PLACEMENT",Highlight operational leadership and D4 Bisnis Internasional background from Unpad.,"Lowongan Kerja Management Trainee PT Pulau Sambu Skip to content Kamis, 7 Mei 2026 News Lowongan Kerja PT Yapindo Transportama (PCP Express) Lowongan Management Trainee PT Surya Toto Indonesia Tbk (TOTO) Lowongan Management Trainee PT Puninar Logistics Officer Development Program (ODP) Bank BNI Unilever Future Leadership Program PT Unilever Indonesia Tbk MENU Hubungi Kami Beranda Disclaimer Hubungi Kami Kategori BUMN CARA CEPAT DAPAT KERJA DIPLOMA FRESH GRADUATE INSTANSI LOKER SMA MAGANG MANAGEM...",,,,merged_duplicate,https://www.gokerja.id/lowongan-management-trainee-pt-pulau-sambu-sambu-group/,Apply if the form is quick.
22,50,Priority 3 - Apply If Fast,Maybe Apply,Weak Match,,Lowongan Kerja PT Santos Jaya Abadi (Kapal Api Group),PT Santos,Jakarta,https://www.gokerja.id/lowongan-kerja-pt-santos-jaya-abadi-kapal-api-group/,Gokerja - Homepage,,,,,,,,90.0,Experience match: Entry level (0-2 years); Industry match: Logistics; Leadership/Execution fit; Willing to relocate (nationwide),None detected,,"FRESH_GRAD_ACCEPTED, MAJOR_RISK, NATIONWIDE_PLACEMENT",Highlight operational leadership and D4 Bisnis Internasional background from Unpad.,"Lowongan Kerja PT Santos Jaya Abadi (Kapal Api Group) Skip to content Kamis, 7 Mei 2026 News Lowongan Kerja PT Yapindo Transportama (PCP Express) Lowongan Management Trainee PT Surya Toto Indonesia Tbk (TOTO) Lowongan Management Trainee PT Puninar Logistics Officer Development Program (ODP) Bank BNI Unilever Future Leadership Program PT Unilever Indonesia Tbk MENU Hubungi Kami Beranda Disclaimer Hubungi Kami Kategori BUMN CARA CEPAT DAPAT KERJA DIPLOMA FRESH GRADUATE INSTANSI LOKER SMA MAGANG MA...",,,,merged_duplicate,https://www.gokerja.id/lowongan-kerja-pt-santos-jaya-abadi-kapal-api-group/,Apply if the form is quick.
23,50,Priority 3 - Apply If Fast,Maybe Apply,Weak Match,,PT Unilever Oleochemical Indonesia,PT Unilever,Jakarta,https://www.gokerja.id/pt-unilever-oleochemical-indonesia-buka-program-management-trainee/,Gokerja - Management Trainee,,,,,,,,90.0,Experience match: Entry level (0-2 years); Industry match: Logistics; Leadership/Execution fit; Willing to relocate (nationwide),None detected,,"FRESH_GRAD_ACCEPTED, MAJOR_RISK, NATIONWIDE_PLACEMENT",Highlight operational leadership and D4 Bisnis Internasional background from Unpad.,"PT Unilever Oleochemical Indonesia buka Management Trainee Skip to content Kamis, 7 Mei 2026 News Lowongan Kerja PT Yapindo Transportama (PCP Express) Lowongan Management Trainee PT Surya Toto Indonesia Tbk (TOTO) Lowongan Management Trainee PT Puninar Logistics Officer Development Program (ODP) Bank BNI Unilever Future Leadership Program PT Unilever Indonesia Tbk MENU Hubungi Kami Beranda Disclaimer Hubungi Kami Kategori BUMN CARA CEPAT DAPAT KERJA DIPLOMA FRESH GRADUATE INSTANSI LOKER SMA MAGA...",,,,merged_duplicate,https://www.gokerja.id/pt-unilever-oleochemical-indonesia-buka-program-management-trainee/,Apply if the form is quick.
24,50,Priority 3 - Apply If Fast,Maybe Apply,Weak Match,,Lowongan Kerja PT Yamaha Music Indonesia,PT Yamaha,Jakarta,https://www.gokerja.id/lowongan-kerja-pt-yamaha-music-indonesia/,Gokerja - Fresh Graduate,,,,,,,,90.0,Experience match: Entry level (0-2 years); Industry match: Logistics; Leadership/Execution fit; Willing to relocate (nationwide),None detected,,"FRESH_GRAD_ACCEPTED, MAJOR_RISK, NATIONWIDE_PLACEMENT",Highlight operational leadership and D4 Bisnis Internasional background from Unpad.,"Lowongan Kerja PT Yamaha Music Indonesia Skip to content Kamis, 7 Mei 2026 News Lowongan Kerja PT Yapindo Transportama (PCP Express) Lowongan Management Trainee PT Surya Toto Indonesia Tbk (TOTO) Lowongan Management Trainee PT Puninar Logistics Officer Development Program (ODP) Bank BNI Unilever Future Leadership Program PT Unilever Indonesia Tbk MENU Hubungi Kami Beranda Disclaimer Hubungi Kami Kategori BUMN CARA CEPAT DAPAT KERJA DIPLOMA FRESH GRADUATE INSTANSI LOKER SMA MAGANG MANAGEMENT TRAI...",,,,merged_duplicate,https://www.gokerja.id/lowongan-kerja-pt-yamaha-music-indonesia/,Apply if the form is quick.
25,50,Priority 3 - Apply If Fast,Maybe Apply,Weak Match,,Lowongan Kerja PT Yapindo Transportama (PCP Express),PT Yapindo,Jakarta,https://www.gokerja.id/lowongan-management-development-program-pt-yapindo-transportama-pcp-express/,Gokerja - Management Trainee,,,,,,,,90.0,Experience match: Entry level (0-2 years); Industry match: Logistics; Leadership/Execution fit; Willing to relocate (nationwide),None detected,,"FRESH_GRAD_ACCEPTED, MAJOR_RISK, NATIONWIDE_PLACEMENT",Highlight operational leadership and D4 Bisnis Internasional background from Unpad.,"Lowongan Kerja PT Yapindo Transportama (PCP Express) Gokerja ID - Skip to content Kamis, 7 Mei 2026 News Lowongan Kerja PT Yapindo Transportama (PCP Express) Lowongan Management Trainee PT Surya Toto Indonesia Tbk (TOTO) Lowongan Management Trainee PT Puninar Logistics Officer Development Program (ODP) Bank BNI Unilever Future Leadership Program PT Unilever Indonesia Tbk MENU Hubungi Kami Beranda Disclaimer Hubungi Kami Kategori BUMN CARA CEPAT DAPAT KERJA DIPLOMA FRESH GRADUATE INSTANSI LOKER S...",,,,merged_duplicate,https://www.gokerja.id/lowongan-management-development-program-pt-yapindo-transportama-pcp-express/,Apply if the form is quick.
26,50,Priority 3 - Apply If Fast,Maybe Apply,Weak Match,,PT Alamtri Resources Indonesia Tbk,PT Alamtri,Jakarta,https://www.disnakerja.com/pt-alamtri-resources-indonesia-tbk/,Disnakerja - Management Trainee Page 2,,,,,,,,75.0,Role match: MT; Willing to relocate (nationwide),None detected,,"MT_ODP_MATCH, MAJOR_RISK, NATIONWIDE_PLACEMENT, VAGUE_JD",Highlight operational leadership and D4 Bisnis Internasional background from Unpad.,,,,,merged_duplicate,https://www.disnakerja.com/pt-alamtri-resources-indonesia-tbk/,Apply if the form is quick.
27,50,Priority 3 - Apply If Fast,Maybe Apply,Weak Match,,Unilever Future Leadership Program PT Unilever Indonesia Tbk,PT Unilever,Jakarta,https://www.gokerja.id/unilever-future-leadership-program-pt-unilever-indonesia-tbk/,Gokerja - Management Trainee,,,,,,,,75.0,Experience match: Entry level (0-2 years); Industry match: Logistics; Leadership/Execution fit; Willing to relocate (nationwide),None detected,,"FRESH_GRAD_ACCEPTED, MAJOR_RISK, NATIONWIDE_PLACEMENT",Highlight operational leadership and D4 Bisnis Internasional background from Unpad.,"Unilever Future Leadership Program PT Unilever Indonesia Tbk Skip to content Kamis, 7 Mei 2026 News Lowongan Kerja PT Yapindo Transportama (PCP Express) Lowongan Management Trainee PT Surya Toto Indonesia Tbk (TOTO) Lowongan Management Trainee PT Puninar Logistics Officer Development Program (ODP) Bank BNI Unilever Future Leadership Program PT Unilever Indonesia Tbk MENU Hubungi Kami Beranda Disclaimer Hubungi Kami Kategori BUMN CARA CEPAT DAPAT KERJA DIPLOMA FRESH GRADUATE INSTANSI LOKER SMA MA...",,,,merged_duplicate,https://www.gokerja.id/unilever-future-leadership-program-pt-unilever-indonesia-tbk/,Apply if the form is quick.
28,40,Priority 4 - Review Quickly,Review,Not Recommended,,Graduate Development Program – PT Cisarua Mountain Dairy Tbk,PT Cisarua,Jakarta,https://lokerbumn.com/lowongan-pekerjaan-dari-pt-cisarua-mountain-dairy-tbk/20/2026/,LokerBumn - Management Trainee,,,,,,,,90.0,Role match: Graduate Development Program; Experience match: Entry level (0-2 years); Leadership/Execution fit; Education match: D4 Bisnis Internasional Unpad; Willing to relocate (nationwide),Requires 5+ years experience,,"FRESH_GRAD_ACCEPTED, NATIONWIDE_PLACEMENT, EXPERIENCE_TOO_HIGH",Highlight operational leadership and D4 Bisnis Internasional background from Unpad.,"Graduate Development Program - PT Cisarua Mountain Dairy Tbk - Karir dan Info Skip to content Kamis, 7 Mei 2026 News Rekrutmen Priority Banking Head dan Priority Banking Manager Bank Syariah Nasional Rekrutmen Fresh Graduate Development Program PT Wana Rimba Nusantara Rekrutmen BRILiaN Banking Associate Program (BBAP) BRI Region 15 Tahun 2026 Rekrutmen PT Nindya Karya BCA Management Trainee (MT) Program 2026 Batch 1 MENU Hubungi Kami Kategori LOKER SMA/SMK LOKER S1 LOKER D3 BUMN MANAGEMENT TRAIN...",,,,merged_duplicate,https://lokerbumn.com/lowongan-pekerjaan-dari-pt-cisarua-mountain-dairy-tbk/20/2026/,Review quickly before applying.
29,40,Priority 4 - Review Quickly,Review,Not Recommended,,BCA Management Trainee (MT) Program 2026 Batch 1,PT Nindya,Jakarta,https://lokerbumn.com/lowongan-kerja-terbaru-dari-pt-bank-central-asia-tbk/22/2026/,LokerBumn - Management Trainee,,,,,,,,90.0,Role match: Management Trainee; Experience match: Entry level (0-2 years); Leadership/Execution fit; Education match: D4 Bisnis Internasional Unpad; Willing to relocate (nationwide),Requires 5+ years experience,,"MT_ODP_MATCH, FRESH_GRAD_ACCEPTED, NATIONWIDE_PLACEMENT, EXPERIENCE_TOO_HIGH",Highlight operational leadership and D4 Bisnis Internasional background from Unpad.,"BCA Management Trainee (MT) Program 2026 Batch 1 Skip to content Kamis, 7 Mei 2026 News Rekrutmen Priority Banking Head dan Priority Banking Manager Bank Syariah Nasional Rekrutmen Fresh Graduate Development Program PT Wana Rimba Nusantara Rekrutmen BRILiaN Banking Associate Program (BBAP) BRI Region 15 Tahun 2026 Rekrutmen PT Nindya Karya BCA Management Trainee (MT) Program 2026 Batch 1 MENU Hubungi Kami Kategori LOKER SMA/SMK LOKER S1 LOKER D3 BUMN MANAGEMENT TRAINEE FRESH GRADUATE MAGANG PERT...",,,,merged_duplicate,https://lokerbumn.com/lowongan-kerja-terbaru-dari-pt-bank-central-asia-tbk/22/2026/,Review quickly before applying.
30,40,Priority 4 - Review Quickly,Review,Not Recommended,,Triputra Management Trainee Program,PT Nindya,Jakarta,https://lokerbumn.com/lowongan-kerja-terbaru-dari-pt-triputra-agro-persada-tbk/18/2026/,LokerBumn - Management Trainee,,,,,,,,90.0,Role match: Management Trainee; Experience match: Entry level (0-2 years); Leadership/Execution fit; Education match: D4 Bisnis Internasional Unpad; Willing to relocate (nationwide),Requires 5+ years experience,,"MT_ODP_MATCH, FRESH_GRAD_ACCEPTED, NATIONWIDE_PLACEMENT, EXPERIENCE_TOO_HIGH",Highlight operational leadership and D4 Bisnis Internasional background from Unpad.,"Triputra Management Trainee Program - Karir dan Info Skip to content Kamis, 7 Mei 2026 News Rekrutmen Priority Banking Head dan Priority Banking Manager Bank Syariah Nasional Rekrutmen Fresh Graduate Development Program PT Wana Rimba Nusantara Rekrutmen BRILiaN Banking Associate Program (BBAP) BRI Region 15 Tahun 2026 Rekrutmen PT Nindya Karya BCA Management Trainee (MT) Program 2026 Batch 1 MENU Hubungi Kami Kategori LOKER SMA/SMK LOKER S1 LOKER D3 BUMN MANAGEMENT TRAINEE FRESH GRADUATE MAGANG ...",,,,merged_duplicate,https://lokerbumn.com/lowongan-kerja-terbaru-dari-pt-triputra-agro-persada-tbk/18/2026/,Review quickly before applying.
31,40,Priority 4 - Review Quickly,Review,Not Recommended,,Samudera Management Development Program,PT Nindya,Jakarta,https://lokerbumn.com/info-lowongan-kerja-pt-samudera-indonesia-tbk/18/2026/,LokerBumn - Management Trainee,,,,,,,,90.0,Role match: Management Development Program; Experience match: Entry level (0-2 years); Leadership/Execution fit; Education match: D4 Bisnis Internasional Unpad; Willing to relocate (nationwide),Requires 5+ years experience,,"FRESH_GRAD_ACCEPTED, NATIONWIDE_PLACEMENT, EXPERIENCE_TOO_HIGH",Highlight operational leadership and D4 Bisnis Internasional background from Unpad.,"Samudera Management Development Program - Karir dan Info Skip to content Kamis, 7 Mei 2026 News Rekrutmen Priority Banking Head dan Priority Banking Manager Bank Syariah Nasional Rekrutmen Fresh Graduate Development Program PT Wana Rimba Nusantara Rekrutmen BRILiaN Banking Associate Program (BBAP) BRI Region 15 Tahun 2026 Rekrutmen PT Nindya Karya BCA Management Trainee (MT) Program 2026 Batch 1 MENU Hubungi Kami Kategori LOKER SMA/SMK LOKER S1 LOKER D3 BUMN MANAGEMENT TRAINEE FRESH GRADUATE MAG...",,,,merged_duplicate,https://lokerbumn.com/info-lowongan-kerja-pt-samudera-indonesia-tbk/18/2026/,Review quickly before applying.
32,40,Priority 4 - Review Quickly,Review,Not Recommended,,Sampoerna Graduate Trainee 2026,PT Nindya,Jakarta,https://lokerbumn.com/lowongan-pekerjaan-dari-pt-hm-sampoerna-tbk/16/2026/,LokerBumn - Management Trainee,,,,,,,,90.0,Role match: Graduate Trainee; Experience match: Entry level (0-2 years); Leadership/Execution fit; Education match: D4 Bisnis Internasional Unpad; Willing to relocate (nationwide),Requires 5+ years experience,,"MT_ODP_MATCH, FRESH_GRAD_ACCEPTED, NATIONWIDE_PLACEMENT, EXPERIENCE_TOO_HIGH",Highlight operational leadership and D4 Bisnis Internasional background from Unpad.,"Sampoerna Graduate Trainee 2026 - Karir dan Info Skip to content Kamis, 7 Mei 2026 News Rekrutmen Priority Banking Head dan Priority Banking Manager Bank Syariah Nasional Rekrutmen Fresh Graduate Development Program PT Wana Rimba Nusantara Rekrutmen BRILiaN Banking Associate Program (BBAP) BRI Region 15 Tahun 2026 Rekrutmen PT Nindya Karya BCA Management Trainee (MT) Program 2026 Batch 1 MENU Hubungi Kami Kategori LOKER SMA/SMK LOKER S1 LOKER D3 BUMN MANAGEMENT TRAINEE FRESH GRADUATE MAGANG PERT...",,,,merged_duplicate,https://lokerbumn.com/lowongan-pekerjaan-dari-pt-hm-sampoerna-tbk/16/2026/,Review quickly before applying.
33,40,Priority 4 - Review Quickly,Review,Not Recommended,,Management Trainee – Kawan Lama Group,PT Nindya,Jakarta,https://lokerbumn.com/info-lowongan-pekerjaan-dari-kawan-lama-group/20/2026/,LokerBumn - Management Trainee,,,,,,,,90.0,Role match: Management Trainee; Experience match: Entry level (0-2 years); Leadership/Execution fit; Education match: D4 Bisnis Internasional Unpad; Willing to relocate (nationwide),Requires 5+ years experience,,"MT_ODP_MATCH, FRESH_GRAD_ACCEPTED, NATIONWIDE_PLACEMENT, EXPERIENCE_TOO_HIGH",Highlight operational leadership and D4 Bisnis Internasional background from Unpad.,"Management Trainee - Kawan Lama Group - Karir dan Info Skip to content Kamis, 7 Mei 2026 News Rekrutmen Priority Banking Head dan Priority Banking Manager Bank Syariah Nasional Rekrutmen Fresh Graduate Development Program PT Wana Rimba Nusantara Rekrutmen BRILiaN Banking Associate Program (BBAP) BRI Region 15 Tahun 2026 Rekrutmen PT Nindya Karya BCA Management Trainee (MT) Program 2026 Batch 1 MENU Hubungi Kami Kategori LOKER SMA/SMK LOKER S1 LOKER D3 BUMN MANAGEMENT TRAINEE FRESH GRADUATE MAGAN...",,,,merged_duplicate,https://lokerbumn.com/info-lowongan-pekerjaan-dari-kawan-lama-group/20/2026/,Review quickly before applying.
34,40,Priority 4 - Review Quickly,Review,Not Recommended,,Skha Graduate Development Program (SGDP) 2026,PT Nindya,Jakarta,https://lokerbumn.com/info-lowongan-kerja-pt-skha-indonesia/22/2026/,LokerBumn - Management Trainee,,,,,,,,90.0,Role match: Graduate Development Program; Experience match: Entry level (0-2 years); Leadership/Execution fit; Education match: D4 Bisnis Internasional Unpad; Willing to relocate (nationwide),Requires 5+ years experience,,"FRESH_GRAD_ACCEPTED, NATIONWIDE_PLACEMENT, EXPERIENCE_TOO_HIGH",Highlight operational leadership and D4 Bisnis Internasional background from Unpad.,"Skha Graduate Development Program (SGDP) 2026 - Karir dan Info Skip to content Kamis, 7 Mei 2026 News Rekrutmen Priority Banking Head dan Priority Banking Manager Bank Syariah Nasional Rekrutmen Fresh Graduate Development Program PT Wana Rimba Nusantara Rekrutmen BRILiaN Banking Associate Program (BBAP) BRI Region 15 Tahun 2026 Rekrutmen PT Nindya Karya BCA Management Trainee (MT) Program 2026 Batch 1 MENU Hubungi Kami Kategori LOKER SMA/SMK LOKER S1 LOKER D3 BUMN MANAGEMENT TRAINEE FRESH GRADUA...",,,,merged_duplicate,https://lokerbumn.com/info-lowongan-kerja-pt-skha-indonesia/22/2026/,Review quickly before applying.
35,40,Priority 4 - Review Quickly,Review,Not Recommended,,Management Trainee Program Transjakarta 2026,PT Nindya,Jakarta,https://lokerbumn.com/management-trainee-program-transjakarta-2026/22/2026/,LokerBumn - Management Trainee,,,,,,,,90.0,Role match: Management Trainee; Experience match: Entry level (0-2 years); Leadership/Execution fit; Education match: D4 Bisnis Internasional Unpad; Willing to relocate (nationwide),Requires 5+ years experience,,"MT_ODP_MATCH, FRESH_GRAD_ACCEPTED, NATIONWIDE_PLACEMENT, EXPERIENCE_TOO_HIGH",Highlight operational leadership and D4 Bisnis Internasional background from Unpad.,"Management Trainee Program Transjakarta 2026 - Karir dan Info Skip to content Kamis, 7 Mei 2026 News Rekrutmen Priority Banking Head dan Priority Banking Manager Bank Syariah Nasional Rekrutmen Fresh Graduate Development Program PT Wana Rimba Nusantara Rekrutmen BRILiaN Banking Associate Program (BBAP) BRI Region 15 Tahun 2026 Rekrutmen PT Nindya Karya BCA Management Trainee (MT) Program 2026 Batch 1 MENU Hubungi Kami Kategori LOKER SMA/SMK LOKER S1 LOKER D3 BUMN MANAGEMENT TRAINEE FRESH GRADUAT...",,,,merged_duplicate,https://lokerbumn.com/management-trainee-program-transjakarta-2026/22/2026/,Review quickly before applying.
36,40,Priority 4 - Review Quickly,Review,Not Recommended,,PT Puninar Logistics (Triputra Group),PT Puninar,Jakarta,https://www.disnakerja.com/lowongan-kerja-pt-puninar-logistics-triputra-group/,Disnakerja - Management Trainee,,,,,,,,90.0,Experience match: Entry level (0-2 years); Industry match: Logistics; Willing to relocate (nationwide),None detected,,"FRESH_GRAD_ACCEPTED, MAJOR_RISK, NATIONWIDE_PLACEMENT",Highlight operational leadership and D4 Bisnis Internasional background from Unpad.,PT Puninar Logistics (Triputra Group) – DISNAKERJA.COM Skip to content Mobile Menu Home MT / ODP BUMN INSTANSI PALM OIL MINING OIL & GAS MANUFAKTUR FRESH GRADUATE INTERN PASANG IKLAN BLOG Fresh Graduate: PT Santos Jaya Abadi (Kapal Api Global) PT Unilever Indonesia Tbk SAVORIA Group PT Partner Impian Milenial (Schoters) Seleksi Terbuka Penerimaan Pegawai Mitra Rumah Sakit Nasional Diponegoro Tahun 2026 PT Surya TOTO Indonesia Tbk PT Astra Komponen Indonesia PT Buana Lintas Lautan Tbk Homepage Ju...,,,,merged_duplicate,https://www.disnakerja.com/lowongan-kerja-pt-puninar-logistics-triputra-group/,Review quickly before applying.
37,40,Priority 4 - Review Quickly,Review,Not Recommended,,Rekrutmen Officer Development Program (ODP) Information Technology,PT Wana,Jakarta,https://lokerbumn.com/rekrutmen-officer-development-program-odp-information-technology/20/2026/,LokerBumn - Management Trainee,,,,,,,,90.0,Role match: ODP; Experience match: Entry level (0-2 years); Leadership/Execution fit; Education match: D4 Bisnis Internasional Unpad; Willing to relocate (nationwide),Requires 5+ years experience,,"MT_ODP_MATCH, FRESH_GRAD_ACCEPTED, NATIONWIDE_PLACEMENT, EXPERIENCE_TOO_HIGH",Highlight operational leadership and D4 Bisnis Internasional background from Unpad.,"Rekrutmen Officer Development Program (ODP) Information Technology - Karir dan Info Skip to content Kamis, 7 Mei 2026 News Rekrutmen Priority Banking Head dan Priority Banking Manager Bank Syariah Nasional Rekrutmen Fresh Graduate Development Program PT Wana Rimba Nusantara Rekrutmen BRILiaN Banking Associate Program (BBAP) BRI Region 15 Tahun 2026 Rekrutmen PT Nindya Karya BCA Management Trainee (MT) Program 2026 Batch 1 MENU Hubungi Kami Kategori LOKER SMA/SMK LOKER S1 LOKER D3 BUMN MANAGEMENT...",,,,merged_duplicate,https://lokerbumn.com/rekrutmen-officer-development-program-odp-information-technology/20/2026/,Review quickly before applying.
38,40,Priority 4 - Review Quickly,Review,Not Recommended,,Rekrutmen Fresh Graduate Development Program PT Wana Rimba Nusantara,PT Wana,Jakarta,https://lokerbumn.com/rekrutmen-fresh-graduate-development-program-pt-wana-rimba-nusantara/18/2026/,LokerBumn - Management Trainee,,,,,,,,90.0,Role match: Graduate Development Program; Experience match: Entry level (0-2 years); Leadership/Execution fit; Education match: D4 Bisnis Internasional Unpad; Willing to relocate (nationwide),Requires 5+ years experience,,"FRESH_GRAD_ACCEPTED, NATIONWIDE_PLACEMENT, EXPERIENCE_TOO_HIGH",Highlight operational leadership and D4 Bisnis Internasional background from Unpad.,"Rekrutmen Fresh Graduate Development Program PT Wana Rimba Nusantara - Karir dan Info Skip to content Kamis, 7 Mei 2026 News Rekrutmen Priority Banking Head dan Priority Banking Manager Bank Syariah Nasional Rekrutmen Fresh Graduate Development Program PT Wana Rimba Nusantara Rekrutmen BRILiaN Banking Associate Program (BBAP) BRI Region 15 Tahun 2026 Rekrutmen PT Nindya Karya BCA Management Trainee (MT) Program 2026 Batch 1 MENU Hubungi Kami Kategori LOKER SMA/SMK LOKER S1 LOKER D3 BUMN MANAGEME...",,,,merged_duplicate,https://lokerbumn.com/rekrutmen-fresh-graduate-development-program-pt-wana-rimba-nusantara/18/2026/,Review quickly before applying.
39,30,Priority 4 - Review Quickly,Review,Not Recommended,,PT Adhimix Precast Indonesia,PT Adhimix,Jakarta,https://www.disnakerja.com/pt-adhimix-precast-indonesia/,Disnakerja - Management Trainee,,,,,,,,90.0,Experience match: Entry level (0-2 years); Willing to relocate (nationwide),None detected,,"FRESH_GRAD_ACCEPTED, MAJOR_RISK, NATIONWIDE_PLACEMENT",Highlight operational leadership and D4 Bisnis Internasional background from Unpad.,PT Adhimix Precast Indonesia – DISNAKERJA.COM Skip to content Mobile Menu Home MT / ODP BUMN INSTANSI PALM OIL MINING OIL & GAS MANUFAKTUR FRESH GRADUATE INTERN PASANG IKLAN BLOG Fresh Graduate: PT Santos Jaya Abadi (Kapal Api Global) PT Unilever Indonesia Tbk SAVORIA Group PT Partner Impian Milenial (Schoters) Seleksi Terbuka Penerimaan Pegawai Mitra Rumah Sakit Nasional Diponegoro Tahun 2026 PT Surya TOTO Indonesia Tbk PT Astra Komponen Indonesia PT Buana Lintas Lautan Tbk Homepage Jurusan Eko...,,,,merged_duplicate,https://www.disnakerja.com/pt-adhimix-precast-indonesia/,Review quickly before applying.
40,30,Priority 4 - Review Quickly,Review,Not Recommended,,PT Amerta Indah Otsuka,PT Amerta,Jakarta,https://www.disnakerja.com/lowongan-kerja-pt-amerta-indah-otsuka/,Disnakerja - Management Trainee,,,,,,,,90.0,Experience match: Entry level (0-2 years); Willing to relocate (nationwide),None detected,,"FRESH_GRAD_ACCEPTED, MAJOR_RISK, NATIONWIDE_PLACEMENT",Highlight operational leadership and D4 Bisnis Internasional background from Unpad.,PT Amerta Indah Otsuka – DISNAKERJA.COM Skip to content Mobile Menu Home MT / ODP BUMN INSTANSI PALM OIL MINING OIL & GAS MANUFAKTUR FRESH GRADUATE INTERN PASANG IKLAN BLOG Fresh Graduate: PT Santos Jaya Abadi (Kapal Api Global) PT Unilever Indonesia Tbk SAVORIA Group PT Partner Impian Milenial (Schoters) Seleksi Terbuka Penerimaan Pegawai Mitra Rumah Sakit Nasional Diponegoro Tahun 2026 PT Surya TOTO Indonesia Tbk PT Astra Komponen Indonesia PT Buana Lintas Lautan Tbk Homepage Kategori Fresh Gr...,,,,merged_duplicate,https://www.disnakerja.com/lowongan-kerja-pt-amerta-indah-otsuka/,Review quickly before applying.
41,30,Priority 4 - Review Quickly,Review,Not Recommended,,PT Astra Agro Lestari Tbk,PT Astra,Jakarta,https://www.disnakerja.com/lowongan-kerja-pt-astra-agro-lestari-tbk/,Disnakerja - Management Trainee Page 2,,,,,,,,90.0,Experience match: Entry level (0-2 years); Willing to relocate (nationwide),None detected,,"FRESH_GRAD_ACCEPTED, MAJOR_RISK, NATIONWIDE_PLACEMENT",Highlight operational leadership and D4 Bisnis Internasional background from Unpad.,PT Astra Agro Lestari Tbk – DISNAKERJA.COM Skip to content Mobile Menu Home MT / ODP BUMN INSTANSI PALM OIL MINING OIL & GAS MANUFAKTUR FRESH GRADUATE INTERN PASANG IKLAN BLOG Fresh Graduate: PT Santos Jaya Abadi (Kapal Api Global) PT Unilever Indonesia Tbk SAVORIA Group PT Partner Impian Milenial (Schoters) Seleksi Terbuka Penerimaan Pegawai Mitra Rumah Sakit Nasional Diponegoro Tahun 2026 PT Surya TOTO Indonesia Tbk PT Astra Komponen Indonesia PT Buana Lintas Lautan Tbk Homepage Jurusan Ekonom...,,,,merged_duplicate,https://www.disnakerja.com/lowongan-kerja-pt-astra-agro-lestari-tbk/,Review quickly before applying.
42,30,Priority 4 - Review Quickly,Review,Not Recommended,,PT Caterpillar Indonesia,PT Caterpillar,Jakarta,https://www.disnakerja.com/lowongan-kerja-pt-caterpillar-indonesia/,Disnakerja - Management Trainee,,,,,,,,90.0,Experience match: Entry level (0-2 years); Willing to relocate (nationwide),None detected,,"FRESH_GRAD_ACCEPTED, MAJOR_RISK, NATIONWIDE_PLACEMENT",Highlight operational leadership and D4 Bisnis Internasional background from Unpad.,PT Caterpillar Indonesia – DISNAKERJA.COM Skip to content Mobile Menu Home MT / ODP BUMN INSTANSI PALM OIL MINING OIL & GAS MANUFAKTUR FRESH GRADUATE INTERN PASANG IKLAN BLOG Fresh Graduate: PT Santos Jaya Abadi (Kapal Api Global) PT Unilever Indonesia Tbk SAVORIA Group PT Partner Impian Milenial (Schoters) Seleksi Terbuka Penerimaan Pegawai Mitra Rumah Sakit Nasional Diponegoro Tahun 2026 PT Surya TOTO Indonesia Tbk PT Astra Komponen Indonesia PT Buana Lintas Lautan Tbk Homepage Kategori Fresh ...,,,,merged_duplicate,https://www.disnakerja.com/lowongan-kerja-pt-caterpillar-indonesia/,Review quickly before applying.
43,30,Priority 4 - Review Quickly,Review,Not Recommended,,PT Hyundai Motor Manufacturing Indonesia,PT Hyundai,Jakarta,https://lokerbumn.com/rekrutmen-di-pt-hyundai-motor-manufacturing-indonesia/21/2025/,LokerBumn - Fresh Graduate,,,,,,,,90.0,Experience match: Entry level (0-2 years); Industry match: Manufacturing; Leadership/Execution fit; Education match: D4 Bisnis Internasional Unpad; Willing to relocate (nationwide),Requires 5+ years experience,,"FRESH_GRAD_ACCEPTED, NATIONWIDE_PLACEMENT, EXPERIENCE_TOO_HIGH",Highlight operational leadership and D4 Bisnis Internasional background from Unpad.,"PT Hyundai Motor Manufacturing Indonesia  - Karir dan Info Skip to content Kamis, 7 Mei 2026 News Rekrutmen Priority Banking Head dan Priority Banking Manager Bank Syariah Nasional Rekrutmen Fresh Graduate Development Program PT Wana Rimba Nusantara Rekrutmen BRILiaN Banking Associate Program (BBAP) BRI Region 15 Tahun 2026 Rekrutmen PT Nindya Karya BCA Management Trainee (MT) Program 2026 Batch 1 MENU Hubungi Kami Kategori LOKER SMA/SMK LOKER S1 LOKER D3 BUMN MANAGEMENT TRAINEE FRESH GRADUATE M...",,,,merged_duplicate,https://lokerbumn.com/rekrutmen-di-pt-hyundai-motor-manufacturing-indonesia/21/2025/,Review quickly before applying.
44,30,Priority 4 - Review Quickly,Review,Not Recommended,,PT Multicert Global Indonesia,PT Multicert,Jakarta,https://www.disnakerja.com/pt-multicert-global-indonesia/,Disnakerja - Jobs,,,,,,,,90.0,Experience match: Entry level (0-2 years); Willing to relocate (nationwide),None detected,,"FRESH_GRAD_ACCEPTED, MAJOR_RISK, NATIONWIDE_PLACEMENT",Highlight operational leadership and D4 Bisnis Internasional background from Unpad.,PT Multicert Global Indonesia – DISNAKERJA.COM Skip to content Mobile Menu Home MT / ODP BUMN INSTANSI PALM OIL MINING OIL & GAS MANUFAKTUR FRESH GRADUATE INTERN PASANG IKLAN BLOG Fresh Graduate: PT Santos Jaya Abadi (Kapal Api Global) PT Unilever Indonesia Tbk SAVORIA Group PT Partner Impian Milenial (Schoters) Seleksi Terbuka Penerimaan Pegawai Mitra Rumah Sakit Nasional Diponegoro Tahun 2026 PT Surya TOTO Indonesia Tbk PT Astra Komponen Indonesia PT Buana Lintas Lautan Tbk Homepage Jurusan Ek...,,,,merged_duplicate,https://www.disnakerja.com/pt-multicert-global-indonesia/,Review quickly before applying.
45,30,Priority 4 - Review Quickly,Review,Not Recommended,,Future Leadership Program – Seven Retail Group,PT Nindya,Jakarta,https://lokerbumn.com/lowongan-kerja-dari-seven-retail-group/20/2026/,LokerBumn - Management Trainee,,,,,,,,90.0,Experience match: Entry level (0-2 years); Industry match: Retail; Leadership/Execution fit; Education match: D4 Bisnis Internasional Unpad; Willing to relocate (nationwide),Requires 5+ years experience,,"FRESH_GRAD_ACCEPTED, NATIONWIDE_PLACEMENT, EXPERIENCE_TOO_HIGH",Highlight operational leadership and D4 Bisnis Internasional background from Unpad.,"Future Leadership Program - Seven Retail Group - Karir dan Info Skip to content Kamis, 7 Mei 2026 News Rekrutmen Priority Banking Head dan Priority Banking Manager Bank Syariah Nasional Rekrutmen Fresh Graduate Development Program PT Wana Rimba Nusantara Rekrutmen BRILiaN Banking Associate Program (BBAP) BRI Region 15 Tahun 2026 Rekrutmen PT Nindya Karya BCA Management Trainee (MT) Program 2026 Batch 1 MENU Hubungi Kami Kategori LOKER SMA/SMK LOKER S1 LOKER D3 BUMN MANAGEMENT TRAINEE FRESH GRADU...",,,,merged_duplicate,https://lokerbumn.com/lowongan-kerja-dari-seven-retail-group/20/2026/,Review quickly before applying.
46,30,Priority 4 - Review Quickly,Review,Not Recommended,,Rekrutmen Adaro Logistics Professional Program (ALPP) 2026,PT Nindya,Jakarta,https://lokerbumn.com/rekrutmen-adaro-logistics-professional-program-alpp-2026/11/2026/,LokerBumn - Management Trainee,,,,,,,,90.0,Experience match: Entry level (0-2 years); Industry match: Logistics; Leadership/Execution fit; Education match: D4 Bisnis Internasional Unpad; Willing to relocate (nationwide),Requires 5+ years experience,,"FRESH_GRAD_ACCEPTED, NATIONWIDE_PLACEMENT, EXPERIENCE_TOO_HIGH",Highlight operational leadership and D4 Bisnis Internasional background from Unpad.,"Rekrutmen Adaro Logistics Professional Program (ALPP) 2026 - Karir dan Info Skip to content Kamis, 7 Mei 2026 News Rekrutmen Priority Banking Head dan Priority Banking Manager Bank Syariah Nasional Rekrutmen Fresh Graduate Development Program PT Wana Rimba Nusantara Rekrutmen BRILiaN Banking Associate Program (BBAP) BRI Region 15 Tahun 2026 Rekrutmen PT Nindya Karya BCA Management Trainee (MT) Program 2026 Batch 1 MENU Hubungi Kami Kategori LOKER SMA/SMK LOKER S1 LOKER D3 BUMN MANAGEMENT TRAINEE...",,,,merged_duplicate,https://lokerbumn.com/rekrutmen-adaro-logistics-professional-program-alpp-2026/11/2026/,Review quickly before applying.
47,30,Priority 4 - Review Quickly,Review,Not Recommended,,Hiring Frontliner BRI Branch Office Bandung AH Nasution,PT Nindya,Jakarta,https://lokerbumn.com/hiring-frontliner-bri-branch-office-bandung-ah-nasution/21/2026/,LokerBumn - Management Trainee,,,,,,,,90.0,Willing to relocate (nationwide),None detected,,"MAJOR_RISK, NATIONWIDE_PLACEMENT, VAGUE_JD",Highlight operational leadership and D4 Bisnis Internasional background from Unpad.,,,,,merged_duplicate,https://lokerbumn.com/hiring-frontliner-bri-branch-office-bandung-ah-nasution/21/2026/,Review quickly before applying.
48,30,Priority 4 - Review Quickly,Review,Not Recommended,,Rekrutmen PJLP di lingkungan Pusdiklat Kepemimpinan dan Manajemen BPPK Kementerian Keuangan,PT Nindya,Jakarta,https://lokerbumn.com/rekrutmen-pjlp-di-lingkungan-pusdiklat-kepemimpinan-dan-manajemen-bppk-kemenkeu/21/2026/,LokerBumn - Management Trainee,,,,,,,,90.0,Willing to relocate (nationwide),None detected,,"MAJOR_RISK, NATIONWIDE_PLACEMENT, VAGUE_JD",Highlight operational leadership and D4 Bisnis Internasional background from Unpad.,,,,,merged_duplicate,https://lokerbumn.com/rekrutmen-pjlp-di-lingkungan-pusdiklat-kepemimpinan-dan-manajemen-bppk-kemenkeu/21/2026/,Review quickly before applying.
49,30,Priority 4 - Review Quickly,Review,Not Recommended,,PT Partner Impian Milenial (Schoters),PT Partner,Jakarta,https://www.disnakerja.com/pt-partner-impian-milenial-schoters/,Disnakerja - Jobs,,,,,,,,90.0,Experience match: Entry level (0-2 years); Willing to relocate (nationwide),None detected,,"FRESH_GRAD_ACCEPTED, MAJOR_RISK, NATIONWIDE_PLACEMENT",Highlight operational leadership and D4 Bisnis Internasional background from Unpad.,PT Partner Impian Milenial (Schoters) – DISNAKERJA.COM Skip to content Mobile Menu Home MT / ODP BUMN INSTANSI PALM OIL MINING OIL & GAS MANUFAKTUR FRESH GRADUATE INTERN PASANG IKLAN BLOG Fresh Graduate: PT Santos Jaya Abadi (Kapal Api Global) PT Unilever Indonesia Tbk SAVORIA Group PT Partner Impian Milenial (Schoters) Seleksi Terbuka Penerimaan Pegawai Mitra Rumah Sakit Nasional Diponegoro Tahun 2026 PT Surya TOTO Indonesia Tbk PT Astra Komponen Indonesia PT Buana Lintas Lautan Tbk Homepage Pe...,,,,merged_duplicate,https://www.disnakerja.com/pt-partner-impian-milenial-schoters/,Review quickly before applying.
50,30,Priority 4 - Review Quickly,Review,Not Recommended,,PT Pesta Pora Abadi (Mie Gacoan),PT Pesta,Jakarta,https://www.disnakerja.com/pt-pesta-pora-abadi-mie-gacoan/,Disnakerja - Management Trainee Page 2,,,,,,,,90.0,Experience match: Entry level (0-2 years); Willing to relocate (nationwide),None detected,,"FRESH_GRAD_ACCEPTED, MAJOR_RISK, NATIONWIDE_PLACEMENT",Highlight operational leadership and D4 Bisnis Internasional background from Unpad.,PT Pesta Pora Abadi (Mie Gacoan) – DISNAKERJA.COM Skip to content Mobile Menu Home MT / ODP BUMN INSTANSI PALM OIL MINING OIL & GAS MANUFAKTUR FRESH GRADUATE INTERN PASANG IKLAN BLOG Fresh Graduate: PT Santos Jaya Abadi (Kapal Api Global) PT Unilever Indonesia Tbk SAVORIA Group PT Partner Impian Milenial (Schoters) Seleksi Terbuka Penerimaan Pegawai Mitra Rumah Sakit Nasional Diponegoro Tahun 2026 PT Surya TOTO Indonesia Tbk PT Astra Komponen Indonesia PT Buana Lintas Lautan Tbk Homepage Jurusan...,,,,merged_duplicate,https://www.disnakerja.com/pt-pesta-pora-abadi-mie-gacoan/,Review quickly before applying.
51,30,Priority 4 - Review Quickly,Review,Not Recommended,,PT Santos Jaya Abadi (Kapal Api Global),PT Santos,Surabaya,https://www.disnakerja.com/pt-santos-jaya-abadi-kapal-api-global/,Disnakerja - MT Blog,,,,,,,,90.0,Experience match: Entry level (0-2 years); Willing to relocate (nationwide),None detected,,"FRESH_GRAD_ACCEPTED, MAJOR_RISK, NATIONWIDE_PLACEMENT",Highlight operational leadership and D4 Bisnis Internasional background from Unpad.,PT Santos Jaya Abadi (Kapal Api Global) – DISNAKERJA.COM Skip to content Mobile Menu Home MT / ODP BUMN INSTANSI PALM OIL MINING OIL & GAS MANUFAKTUR FRESH GRADUATE INTERN PASANG IKLAN BLOG Fresh Graduate: PT Santos Jaya Abadi (Kapal Api Global) PT Unilever Indonesia Tbk SAVORIA Group PT Partner Impian Milenial (Schoters) Seleksi Terbuka Penerimaan Pegawai Mitra Rumah Sakit Nasional Diponegoro Tahun 2026 PT Surya TOTO Indonesia Tbk PT Astra Komponen Indonesia PT Buana Lintas Lautan Tbk Homepage ...,,,,merged_duplicate,https://www.disnakerja.com/pt-santos-jaya-abadi-kapal-api-global/,Review quickly before applying.
52,30,Priority 4 - Review Quickly,Review,Not Recommended,,SAVORIA Group,PT Santos,Jakarta,https://www.disnakerja.com/savoria-djarum-group/,Disnakerja - Management Trainee,,,,,,,,90.0,Experience match: Entry level (0-2 years); Willing to relocate (nationwide),None detected,,"FRESH_GRAD_ACCEPTED, MAJOR_RISK, NATIONWIDE_PLACEMENT",Highlight operational leadership and D4 Bisnis Internasional background from Unpad.,SAVORIA Group – DISNAKERJA.COM Skip to content Mobile Menu Home MT / ODP BUMN INSTANSI PALM OIL MINING OIL & GAS MANUFAKTUR FRESH GRADUATE INTERN PASANG IKLAN BLOG Fresh Graduate: PT Santos Jaya Abadi (Kapal Api Global) PT Unilever Indonesia Tbk SAVORIA Group PT Partner Impian Milenial (Schoters) Seleksi Terbuka Penerimaan Pegawai Mitra Rumah Sakit Nasional Diponegoro Tahun 2026 PT Surya TOTO Indonesia Tbk PT Astra Komponen Indonesia PT Buana Lintas Lautan Tbk Homepage Kategori Fresh Graduate SA...,,,,merged_duplicate,https://www.disnakerja.com/savoria-djarum-group/,Review quickly before applying.
53,30,Priority 4 - Review Quickly,Review,Not Recommended,,PT Shell Indonesia,PT Shell,Jakarta,https://www.disnakerja.com/lowongan-kerja-pt-shell-indonesia/,Disnakerja - Management Trainee,,,,,,,,90.0,Experience match: Entry level (0-2 years); Willing to relocate (nationwide),None detected,,"FRESH_GRAD_ACCEPTED, MAJOR_RISK, NATIONWIDE_PLACEMENT",Highlight operational leadership and D4 Bisnis Internasional background from Unpad.,PT Shell Indonesia – DISNAKERJA.COM Skip to content Mobile Menu Home MT / ODP BUMN INSTANSI PALM OIL MINING OIL & GAS MANUFAKTUR FRESH GRADUATE INTERN PASANG IKLAN BLOG Fresh Graduate: PT Santos Jaya Abadi (Kapal Api Global) PT Unilever Indonesia Tbk SAVORIA Group PT Partner Impian Milenial (Schoters) Seleksi Terbuka Penerimaan Pegawai Mitra Rumah Sakit Nasional Diponegoro Tahun 2026 PT Surya TOTO Indonesia Tbk PT Astra Komponen Indonesia PT Buana Lintas Lautan Tbk Homepage Jurusan Ekonomi dan B...,,,,merged_duplicate,https://www.disnakerja.com/lowongan-kerja-pt-shell-indonesia/,Review quickly before applying.
54,30,Priority 4 - Review Quickly,Review,Not Recommended,,PT Surya TOTO Indonesia Tbk,PT Surya,Tangerang,https://www.disnakerja.com/pt-surya-toto-indonesia-tbk/,Disnakerja - Management Trainee,,,,,,,,90.0,Experience match: Entry level (0-2 years); Willing to relocate (nationwide),None detected,,"FRESH_GRAD_ACCEPTED, MAJOR_RISK, NATIONWIDE_PLACEMENT",Highlight operational leadership and D4 Bisnis Internasional background from Unpad.,PT Surya TOTO Indonesia Tbk – DISNAKERJA.COM Skip to content Mobile Menu Home MT / ODP BUMN INSTANSI PALM OIL MINING OIL & GAS MANUFAKTUR FRESH GRADUATE INTERN PASANG IKLAN BLOG Fresh Graduate: PT Santos Jaya Abadi (Kapal Api Global) PT Unilever Indonesia Tbk SAVORIA Group PT Partner Impian Milenial (Schoters) Seleksi Terbuka Penerimaan Pegawai Mitra Rumah Sakit Nasional Diponegoro Tahun 2026 PT Surya TOTO Indonesia Tbk PT Astra Komponen Indonesia PT Buana Lintas Lautan Tbk Homepage Kategori Fre...,,,,merged_duplicate,https://www.disnakerja.com/pt-surya-toto-indonesia-tbk/,Review quickly before applying.
55,30,Priority 4 - Review Quickly,Review,Not Recommended,,PT J Resources Asia Pasifik Tbk,PT Surya,Jakarta,https://www.disnakerja.com/pt-j-resources-asia-pasifik-tbk/,Disnakerja - Management Trainee,,,,,,,,90.0,Experience match: Entry level (0-2 years); Willing to relocate (nationwide),None detected,,"FRESH_GRAD_ACCEPTED, MAJOR_RISK, NATIONWIDE_PLACEMENT",Highlight operational leadership and D4 Bisnis Internasional background from Unpad.,PT J Resources Asia Pasifik Tbk – DISNAKERJA.COM Skip to content Mobile Menu Home MT / ODP BUMN INSTANSI PALM OIL MINING OIL & GAS MANUFAKTUR FRESH GRADUATE INTERN PASANG IKLAN BLOG Fresh Graduate: PT Santos Jaya Abadi (Kapal Api Global) PT Unilever Indonesia Tbk SAVORIA Group PT Partner Impian Milenial (Schoters) Seleksi Terbuka Penerimaan Pegawai Mitra Rumah Sakit Nasional Diponegoro Tahun 2026 PT Surya TOTO Indonesia Tbk PT Astra Komponen Indonesia PT Buana Lintas Lautan Tbk Homepage Kategori...,,,,merged_duplicate,https://www.disnakerja.com/pt-j-resources-asia-pasifik-tbk/,Review quickly before applying.
56,30,Priority 4 - Review Quickly,Review,Not Recommended,,PT Swakarya Insan Mandiri (SIMGROUP),PT Swakarya,Jakarta,https://www.disnakerja.com/pt-swakarya-insan-mandiri-simgroup/,Disnakerja - Management Trainee,,,,,,,,90.0,Experience match: Entry level (0-2 years); Willing to relocate (nationwide),None detected,,"FRESH_GRAD_ACCEPTED, MAJOR_RISK, NATIONWIDE_PLACEMENT",Highlight operational leadership and D4 Bisnis Internasional background from Unpad.,PT Swakarya Insan Mandiri (SIMGROUP) – DISNAKERJA.COM Skip to content Mobile Menu Home MT / ODP BUMN INSTANSI PALM OIL MINING OIL & GAS MANUFAKTUR FRESH GRADUATE INTERN PASANG IKLAN BLOG Fresh Graduate: PT Santos Jaya Abadi (Kapal Api Global) PT Unilever Indonesia Tbk SAVORIA Group PT Partner Impian Milenial (Schoters) Seleksi Terbuka Penerimaan Pegawai Mitra Rumah Sakit Nasional Diponegoro Tahun 2026 PT Surya TOTO Indonesia Tbk PT Astra Komponen Indonesia PT Buana Lintas Lautan Tbk Homepage Tip...,,,,merged_duplicate,https://www.disnakerja.com/pt-swakarya-insan-mandiri-simgroup/,Review quickly before applying.
57,30,Priority 4 - Review Quickly,Review,Not Recommended,,PT Timas Suplindo,PT Timas,Jakarta,https://www.disnakerja.com/lowongan-kerja-pt-timas-suplindo-timas/,Disnakerja - Jobs,,,,,,,,90.0,Willing to relocate (nationwide),None detected,,"MAJOR_RISK, NATIONWIDE_PLACEMENT, VAGUE_JD",Highlight operational leadership and D4 Bisnis Internasional background from Unpad.,,,,,merged_duplicate,https://www.disnakerja.com/lowongan-kerja-pt-timas-suplindo-timas/,Review quickly before applying.
58,30,Priority 4 - Review Quickly,Review,Not Recommended,,PT Transportasi Jakarta (Transjakarta),PT Transportasi,Jakarta,https://www.disnakerja.com/pt-transportasi-jakarta-transjakarta/,Disnakerja - Management Trainee,,,,,,,,90.0,Experience match: Entry level (0-2 years); Willing to relocate (nationwide),None detected,,"FRESH_GRAD_ACCEPTED, MAJOR_RISK, NATIONWIDE_PLACEMENT",Highlight operational leadership and D4 Bisnis Internasional background from Unpad.,PT Transportasi Jakarta (Transjakarta) – DISNAKERJA.COM Skip to content Mobile Menu Home MT / ODP BUMN INSTANSI PALM OIL MINING OIL & GAS MANUFAKTUR FRESH GRADUATE INTERN PASANG IKLAN BLOG Fresh Graduate: PT Santos Jaya Abadi (Kapal Api Global) PT Unilever Indonesia Tbk SAVORIA Group PT Partner Impian Milenial (Schoters) Seleksi Terbuka Penerimaan Pegawai Mitra Rumah Sakit Nasional Diponegoro Tahun 2026 PT Surya TOTO Indonesia Tbk PT Astra Komponen Indonesia PT Buana Lintas Lautan Tbk Homepage K...,,,,merged_duplicate,https://www.disnakerja.com/pt-transportasi-jakarta-transjakarta/,Review quickly before applying.
59,30,Priority 4 - Review Quickly,Review,Not Recommended,,Lowongan kerja PT Wasco Engineering Indonesia,PT Wasco,Jakarta,https://www.gokerja.id/lowongan-kerja-pt-wasco-engineering-indonesia/,Gokerja - Homepage,,,,,,,,90.0,Willing to relocate (nationwide),None detected,,"MAJOR_RISK, NATIONWIDE_PLACEMENT, VAGUE_JD",Highlight operational leadership and D4 Bisnis Internasional background from Unpad.,,,,,merged_duplicate,https://www.gokerja.id/lowongan-kerja-pt-wasco-engineering-indonesia/,Review quickly before applying.
60,30,Priority 4 - Review Quickly,Review,Not Recommended,,PT Adaro Andalan Indonesia Tbk,PT Adaro,,https://www.disnakerja.com/pt-adaro-andalan-indonesia-tbk/,Disnakerja - Management Trainee Page 2,,,,,,,,75.0,Experience match: Entry level (0-2 years); Willing to relocate (nationwide),None detected,,"FRESH_GRAD_ACCEPTED, MAJOR_RISK, NATIONWIDE_PLACEMENT",Highlight operational leadership and D4 Bisnis Internasional background from Unpad.,PT Adaro Andalan Indonesia Tbk – DISNAKERJA.COM Skip to content Mobile Menu Home MT / ODP BUMN INSTANSI PALM OIL MINING OIL & GAS MANUFAKTUR FRESH GRADUATE INTERN PASANG IKLAN BLOG Fresh Graduate: PT Santos Jaya Abadi (Kapal Api Global) PT Unilever Indonesia Tbk SAVORIA Group PT Partner Impian Milenial (Schoters) Seleksi Terbuka Penerimaan Pegawai Mitra Rumah Sakit Nasional Diponegoro Tahun 2026 PT Surya TOTO Indonesia Tbk PT Astra Komponen Indonesia PT Buana Lintas Lautan Tbk Homepage Kategori ...,,,,merged_duplicate,https://www.disnakerja.com/pt-adaro-andalan-indonesia-tbk/,Review quickly before applying.
61,30,Priority 4 - Review Quickly,Review,Not Recommended,,PT Adhimix Precast Indonesia,PT Adhimix,,https://www.disnakerja.com/lowongan-kerja-pt-adhimix-precast-indonesia/,Disnakerja - Jobs,,,,,,,,75.0,Willing to relocate (nationwide),None detected,,"MAJOR_RISK, NATIONWIDE_PLACEMENT, VAGUE_JD",Highlight operational leadership and D4 Bisnis Internasional background from Unpad.,,,,,merged_duplicate,https://www.disnakerja.com/lowongan-kerja-pt-adhimix-precast-indonesia/,Review quickly before applying.
62,30,Priority 4 - Review Quickly,Review,Not Recommended,,PT Bakrie Renewable Chemicals,PT Bakrie,Jakarta,https://www.disnakerja.com/pt-bakrie-renewable-chemicals/,Disnakerja - Management Trainee Page 2,,,,,,,,75.0,Experience match: Entry level (0-2 years); Willing to relocate (nationwide),None detected,,"FRESH_GRAD_ACCEPTED, MAJOR_RISK, NATIONWIDE_PLACEMENT",Highlight operational leadership and D4 Bisnis Internasional background from Unpad.,PT Bakrie Renewable Chemicals – DISNAKERJA.COM Skip to content Mobile Menu Home MT / ODP BUMN INSTANSI PALM OIL MINING OIL & GAS MANUFAKTUR FRESH GRADUATE INTERN PASANG IKLAN BLOG Fresh Graduate: PT Santos Jaya Abadi (Kapal Api Global) PT Unilever Indonesia Tbk SAVORIA Group PT Partner Impian Milenial (Schoters) Seleksi Terbuka Penerimaan Pegawai Mitra Rumah Sakit Nasional Diponegoro Tahun 2026 PT Surya TOTO Indonesia Tbk PT Astra Komponen Indonesia PT Buana Lintas Lautan Tbk Homepage Kategori F...,,,,merged_duplicate,https://www.disnakerja.com/pt-bakrie-renewable-chemicals/,Review quickly before applying.
63,30,Priority 4 - Review Quickly,Review,Not Recommended,,PT Baratama Putra Perkasa,PT Baratama,,https://www.disnakerja.com/pt-baratama-putra-perkasa/,Disnakerja - Management Trainee,,,,,,,,75.0,Experience match: Entry level (0-2 years); Willing to relocate (nationwide),None detected,,"FRESH_GRAD_ACCEPTED, MAJOR_RISK, NATIONWIDE_PLACEMENT",Highlight operational leadership and D4 Bisnis Internasional background from Unpad.,PT Baratama Putra Perkasa – DISNAKERJA.COM Skip to content Mobile Menu Home MT / ODP BUMN INSTANSI PALM OIL MINING OIL & GAS MANUFAKTUR FRESH GRADUATE INTERN PASANG IKLAN BLOG Fresh Graduate: PT Santos Jaya Abadi (Kapal Api Global) PT Unilever Indonesia Tbk SAVORIA Group PT Partner Impian Milenial (Schoters) Seleksi Terbuka Penerimaan Pegawai Mitra Rumah Sakit Nasional Diponegoro Tahun 2026 PT Surya TOTO Indonesia Tbk PT Astra Komponen Indonesia PT Buana Lintas Lautan Tbk Homepage Kategori Fresh...,,,,merged_duplicate,https://www.disnakerja.com/pt-baratama-putra-perkasa/,Review quickly before applying.
64,30,Priority 4 - Review Quickly,Review,Not Recommended,,PT Cobra Dental Indonesia,PT Cobra,,https://www.disnakerja.com/lowongan-kerja-pt-cobra-dental-indonesia/,Disnakerja - Management Trainee Page 2,,,,,,,,75.0,Willing to relocate (nationwide),None detected,,"MAJOR_RISK, NATIONWIDE_PLACEMENT, VAGUE_JD",Highlight operational leadership and D4 Bisnis Internasional background from Unpad.,,,,,merged_duplicate,https://www.disnakerja.com/lowongan-kerja-pt-cobra-dental-indonesia/,Review quickly before applying.
65,30,Priority 4 - Review Quickly,Review,Not Recommended,,PT Indoprima Gemilang,PT Indoprima,Surabaya,https://www.disnakerja.com/pt-indoprima-gemilang/,Disnakerja - Management Trainee Page 2,,,,,,,,75.0,Experience match: Entry level (0-2 years); Willing to relocate (nationwide),None detected,,"FRESH_GRAD_ACCEPTED, MAJOR_RISK, NATIONWIDE_PLACEMENT",Highlight operational leadership and D4 Bisnis Internasional background from Unpad.,PT Indoprima Gemilang – DISNAKERJA.COM Skip to content Mobile Menu Home MT / ODP BUMN INSTANSI PALM OIL MINING OIL & GAS MANUFAKTUR FRESH GRADUATE INTERN PASANG IKLAN BLOG Fresh Graduate: PT Santos Jaya Abadi (Kapal Api Global) PT Unilever Indonesia Tbk SAVORIA Group PT Partner Impian Milenial (Schoters) Seleksi Terbuka Penerimaan Pegawai Mitra Rumah Sakit Nasional Diponegoro Tahun 2026 PT Surya TOTO Indonesia Tbk PT Astra Komponen Indonesia PT Buana Lintas Lautan Tbk Homepage Jurusan Ekonomi da...,,,,merged_duplicate,https://www.disnakerja.com/pt-indoprima-gemilang/,Review quickly before applying.
66,30,Priority 4 - Review Quickly,Review,Not Recommended,,PT Mandiri Sekuritas,PT Mandiri,Jakarta,https://www.disnakerja.com/lowongan-kerja-pt-mandiri-sekuritas/,Disnakerja - Management Trainee,,,,,,,,75.0,Experience match: Entry level (0-2 years); Willing to relocate (nationwide),None detected,,"FRESH_GRAD_ACCEPTED, MAJOR_RISK, NATIONWIDE_PLACEMENT",Highlight operational leadership and D4 Bisnis Internasional background from Unpad.,PT Mandiri Sekuritas – DISNAKERJA.COM Skip to content Mobile Menu Home MT / ODP BUMN INSTANSI PALM OIL MINING OIL & GAS MANUFAKTUR FRESH GRADUATE INTERN PASANG IKLAN BLOG Fresh Graduate: PT Santos Jaya Abadi (Kapal Api Global) PT Unilever Indonesia Tbk SAVORIA Group PT Partner Impian Milenial (Schoters) Seleksi Terbuka Penerimaan Pegawai Mitra Rumah Sakit Nasional Diponegoro Tahun 2026 PT Surya TOTO Indonesia Tbk PT Astra Komponen Indonesia PT Buana Lintas Lautan Tbk Homepage Kategori BUMN PT Ma...,,,,merged_duplicate,https://www.disnakerja.com/lowongan-kerja-pt-mandiri-sekuritas/,Review quickly before applying.
67,30,Priority 4 - Review Quickly,Review,Not Recommended,,PT Mulia Sawit Agro Lestari (MSAL Group),PT Mulia,,https://www.disnakerja.com/lowongan-kerja-pt-mulia-sawit-agro-lestari-msal-group/,Disnakerja - Management Trainee Page 2,,,,,,,,75.0,Experience match: Entry level (0-2 years); Willing to relocate (nationwide),None detected,,"FRESH_GRAD_ACCEPTED, MAJOR_RISK, NATIONWIDE_PLACEMENT",Highlight operational leadership and D4 Bisnis Internasional background from Unpad.,PT Mulia Sawit Agro Lestari (MSAL Group) – DISNAKERJA.COM Skip to content Mobile Menu Home MT / ODP BUMN INSTANSI PALM OIL MINING OIL & GAS MANUFAKTUR FRESH GRADUATE INTERN PASANG IKLAN BLOG Fresh Graduate: PT Santos Jaya Abadi (Kapal Api Global) PT Unilever Indonesia Tbk SAVORIA Group PT Partner Impian Milenial (Schoters) Seleksi Terbuka Penerimaan Pegawai Mitra Rumah Sakit Nasional Diponegoro Tahun 2026 PT Surya TOTO Indonesia Tbk PT Astra Komponen Indonesia PT Buana Lintas Lautan Tbk Homepage...,,,,merged_duplicate,https://www.disnakerja.com/lowongan-kerja-pt-mulia-sawit-agro-lestari-msal-group/,Review quickly before applying.
68,30,Priority 4 - Review Quickly,Review,Not Recommended,,PT Padasa Enam Utama (Pancadaya Perkasa Group),PT Padasa,,https://www.disnakerja.com/pt-padasa-enam-utama-pancadaya-perkasa-group/,Disnakerja - Jobs,,,,,,,,75.0,Willing to relocate (nationwide),None detected,,"MAJOR_RISK, NATIONWIDE_PLACEMENT, VAGUE_JD",Highlight operational leadership and D4 Bisnis Internasional background from Unpad.,,,,,merged_duplicate,https://www.disnakerja.com/pt-padasa-enam-utama-pancadaya-perkasa-group/,Review quickly before applying.
69,30,Priority 4 - Review Quickly,Review,Not Recommended,,Kiat Ananda Group (KAG),PT Surya,,https://www.disnakerja.com/kiat-ananda-group-kag/,Disnakerja - Management Trainee Page 2,,,,,,,,75.0,Experience match: Entry level (0-2 years); Willing to relocate (nationwide),None detected,,"FRESH_GRAD_ACCEPTED, MAJOR_RISK, NATIONWIDE_PLACEMENT",Highlight operational leadership and D4 Bisnis Internasional background from Unpad.,Kiat Ananda Group (KAG) – DISNAKERJA.COM Skip to content Mobile Menu Home MT / ODP BUMN INSTANSI PALM OIL MINING OIL & GAS MANUFAKTUR FRESH GRADUATE INTERN PASANG IKLAN BLOG Fresh Graduate: PT Santos Jaya Abadi (Kapal Api Global) PT Unilever Indonesia Tbk SAVORIA Group PT Partner Impian Milenial (Schoters) Seleksi Terbuka Penerimaan Pegawai Mitra Rumah Sakit Nasional Diponegoro Tahun 2026 PT Surya TOTO Indonesia Tbk PT Astra Komponen Indonesia PT Buana Lintas Lautan Tbk Homepage Kategori Fresh G...,,,,merged_duplicate,https://www.disnakerja.com/kiat-ananda-group-kag/,Review quickly before applying.
70,30,Priority 4 - Review Quickly,Review,Not Recommended,,Category:Fresh Graduate,PT Surya,Jakarta,https://www.disnakerja.com/kategori/fresh-graduate/,Disnakerja - Jobs,,,,,,,,75.0,Experience match: Entry level (0-2 years); Willing to relocate (nationwide),None detected,,"FRESH_GRAD_ACCEPTED, MAJOR_RISK, NATIONWIDE_PLACEMENT",Highlight operational leadership and D4 Bisnis Internasional background from Unpad.,Fresh Graduate – DISNAKERJA.COM Skip to content Mobile Menu Home MT / ODP BUMN INSTANSI PALM OIL MINING OIL & GAS MANUFAKTUR FRESH GRADUATE INTERN PASANG IKLAN BLOG Fresh Graduate: PT Santos Jaya Abadi (Kapal Api Global) PT Unilever Indonesia Tbk SAVORIA Group PT Partner Impian Milenial (Schoters) Seleksi Terbuka Penerimaan Pegawai Mitra Rumah Sakit Nasional Diponegoro Tahun 2026 PT Surya TOTO Indonesia Tbk PT Astra Komponen Indonesia PT Buana Lintas Lautan Tbk BUMN PT Mandiri Sekuritas PT LPP A...,,,,merged_duplicate,https://www.disnakerja.com/kategori/fresh-graduate/,Review quickly before applying.
71,30,Priority 4 - Review Quickly,Review,Not Recommended,,Seleksi Terbuka Penerimaan Pegawai Mitra Rumah Sakit Nasional Diponegoro Tahun 2026,PT Surya,,https://www.disnakerja.com/seleksi-terbuka-penerimaan-pegawai-mitra-rumah-sakit-nasional-diponegoro-tahun-2025/,Disnakerja - Jobs,,,,,,,,75.0,Willing to relocate (nationwide),None detected,,"MAJOR_RISK, NATIONWIDE_PLACEMENT, VAGUE_JD",Highlight operational leadership and D4 Bisnis Internasional background from Unpad.,,,,,merged_duplicate,https://www.disnakerja.com/seleksi-terbuka-penerimaan-pegawai-mitra-rumah-sakit-nasional-diponegoro-tahun-2025/,Review quickly before applying.
72,30,Priority 4 - Review Quickly,Review,Not Recommended,,PT VKTR Sakti Industries,PT Surya,,https://www.disnakerja.com/pt-vktr-sakti-industries/,Disnakerja - Jobs,,,,,,,,75.0,Willing to relocate (nationwide),None detected,,"MAJOR_RISK, NATIONWIDE_PLACEMENT, VAGUE_JD",Highlight operational leadership and D4 Bisnis Internasional background from Unpad.,,,,,merged_duplicate,https://www.disnakerja.com/pt-vktr-sakti-industries/,Review quickly before applying.
73,30,Priority 4 - Review Quickly,Review,Not Recommended,,PT Unilever Indonesia Tbk,PT Unilever,,https://www.disnakerja.com/lowongan-kerja-pt-unilever-indonesia-tbk/,Disnakerja - Management Trainee,,,,,,,,75.0,Experience match: Entry level (0-2 years); Willing to relocate (nationwide),None detected,,"FRESH_GRAD_ACCEPTED, MAJOR_RISK, NATIONWIDE_PLACEMENT",Highlight operational leadership and D4 Bisnis Internasional background from Unpad.,PT Unilever Indonesia Tbk – DISNAKERJA.COM Skip to content Mobile Menu Home MT / ODP BUMN INSTANSI PALM OIL MINING OIL & GAS MANUFAKTUR FRESH GRADUATE INTERN PASANG IKLAN BLOG Fresh Graduate: PT Santos Jaya Abadi (Kapal Api Global) PT Unilever Indonesia Tbk SAVORIA Group PT Partner Impian Milenial (Schoters) Seleksi Terbuka Penerimaan Pegawai Mitra Rumah Sakit Nasional Diponegoro Tahun 2026 PT Surya TOTO Indonesia Tbk PT Astra Komponen Indonesia PT Buana Lintas Lautan Tbk Homepage Jurusan Ekonom...,,,,merged_duplicate,https://www.disnakerja.com/lowongan-kerja-pt-unilever-indonesia-tbk/,Review quickly before applying.
74,30,Priority 4 - Review Quickly,Review,Not Recommended,,PT Salam Pacific Indonesia Lines,PT Salam,,https://www.disnakerja.com/lowongan-kerja-pt-salam-pacific-indonesia-lines/,Disnakerja - Management Trainee,,,,,,,,60.0,Experience match: Entry level (0-2 years); Willing to relocate (nationwide),None detected,,"FRESH_GRAD_ACCEPTED, MAJOR_RISK, NATIONWIDE_PLACEMENT",Highlight operational leadership and D4 Bisnis Internasional background from Unpad.,PT Salam Pacific Indonesia Lines – DISNAKERJA.COM Skip to content Mobile Menu Home MT / ODP BUMN INSTANSI PALM OIL MINING OIL & GAS MANUFAKTUR FRESH GRADUATE INTERN PASANG IKLAN BLOG Fresh Graduate: PT Santos Jaya Abadi (Kapal Api Global) PT Unilever Indonesia Tbk SAVORIA Group PT Partner Impian Milenial (Schoters) Seleksi Terbuka Penerimaan Pegawai Mitra Rumah Sakit Nasional Diponegoro Tahun 2026 PT Surya TOTO Indonesia Tbk PT Astra Komponen Indonesia PT Buana Lintas Lautan Tbk Homepage Kategor...,,,,merged_duplicate,https://www.disnakerja.com/lowongan-kerja-pt-salam-pacific-indonesia-lines/,Review quickly before applying.
75,30,Priority 4 - Review Quickly,Review,Not Recommended,,PT Tempopress International Delivery,PT Tempopress,,https://www.disnakerja.com/pt-tempopress-international-delivery/,Disnakerja - Management Trainee Page 2,,,,,,,,60.0,Experience match: Entry level (0-2 years); Willing to relocate (nationwide),None detected,,"FRESH_GRAD_ACCEPTED, MAJOR_RISK, NATIONWIDE_PLACEMENT",Highlight operational leadership and D4 Bisnis Internasional background from Unpad.,PT Tempopress International Delivery – DISNAKERJA.COM Skip to content Mobile Menu Home MT / ODP BUMN INSTANSI PALM OIL MINING OIL & GAS MANUFAKTUR FRESH GRADUATE INTERN PASANG IKLAN BLOG Fresh Graduate: PT Santos Jaya Abadi (Kapal Api Global) PT Unilever Indonesia Tbk SAVORIA Group PT Partner Impian Milenial (Schoters) Seleksi Terbuka Penerimaan Pegawai Mitra Rumah Sakit Nasional Diponegoro Tahun 2026 PT Surya TOTO Indonesia Tbk PT Astra Komponen Indonesia PT Buana Lintas Lautan Tbk Homepage Kat...,,,,merged_duplicate,https://www.disnakerja.com/pt-tempopress-international-delivery/,Review quickly before applying.
76,20,Priority 5 - Last Option,Skip Last,Not Recommended,,Planter Development Program (PDP) Batch XXII – PT Astra Agro Lestari Tbk,PT Astra,Jakarta,https://lokerbumn.com/lowongan-kerja-dari-pt-astra-agro-lestari-tbk/18/2026/,LokerBumn - Management Trainee,,,,,,,,90.0,Experience match: Entry level (0-2 years); Leadership/Execution fit; Education match: D4 Bisnis Internasional Unpad; Willing to relocate (nationwide),Requires 5+ years experience,,"FRESH_GRAD_ACCEPTED, NATIONWIDE_PLACEMENT, EXPERIENCE_TOO_HIGH",Highlight operational leadership and D4 Bisnis Internasional background from Unpad.,"Planter Development Program (PDP) Batch XXII - PT Astra Agro Lestari Tbk - Karir dan Info Skip to content Kamis, 7 Mei 2026 News Rekrutmen Priority Banking Head dan Priority Banking Manager Bank Syariah Nasional Rekrutmen Fresh Graduate Development Program PT Wana Rimba Nusantara Rekrutmen BRILiaN Banking Associate Program (BBAP) BRI Region 15 Tahun 2026 Rekrutmen PT Nindya Karya BCA Management Trainee (MT) Program 2026 Batch 1 MENU Hubungi Kami Kategori LOKER SMA/SMK LOKER S1 LOKER D3 BUMN MANA...",,,,merged_duplicate,https://lokerbumn.com/lowongan-kerja-dari-pt-astra-agro-lestari-tbk/18/2026/,Last option only.
77,20,Priority 5 - Last Option,Skip Last,Not Recommended,,PT Bank Central Asia Tbk,PT Bank,Jakarta,https://lokerbumn.com/info-lowongan-kerja-terbaru-dari-pt-bank-central-asia-tbk/21/2026/,LokerBumn - Fresh Graduate,,,,,,,,90.0,Experience match: Entry level (0-2 years); Leadership/Execution fit; Education match: D4 Bisnis Internasional Unpad; Willing to relocate (nationwide),Requires 5+ years experience,,"FRESH_GRAD_ACCEPTED, NATIONWIDE_PLACEMENT, EXPERIENCE_TOO_HIGH",Highlight operational leadership and D4 Bisnis Internasional background from Unpad.,"PT Bank Central Asia Tbk - Karir dan Info Skip to content Kamis, 7 Mei 2026 News Rekrutmen Priority Banking Head dan Priority Banking Manager Bank Syariah Nasional Rekrutmen Fresh Graduate Development Program PT Wana Rimba Nusantara Rekrutmen BRILiaN Banking Associate Program (BBAP) BRI Region 15 Tahun 2026 Rekrutmen PT Nindya Karya BCA Management Trainee (MT) Program 2026 Batch 1 MENU Hubungi Kami Kategori LOKER SMA/SMK LOKER S1 LOKER D3 BUMN MANAGEMENT TRAINEE FRESH GRADUATE MAGANG PERTAMBANGA...",,,,merged_duplicate,https://lokerbumn.com/info-lowongan-kerja-terbaru-dari-pt-bank-central-asia-tbk/21/2026/,Last option only.
78,20,Priority 5 - Last Option,Skip Last,Not Recommended,,PT Bridgestone Tire Indonesia,PT Bridgestone,Jakarta,https://lokerbumn.com/lowongan-pekerjaan-pt-bridgestone-tire-indonesia-terbaru/20/2025/,LokerBumn - Officer Development Program,,,,,,,,90.0,Experience match: Entry level (0-2 years); Leadership/Execution fit; Education match: D4 Bisnis Internasional Unpad; Willing to relocate (nationwide),Requires 5+ years experience,,"FRESH_GRAD_ACCEPTED, NATIONWIDE_PLACEMENT, EXPERIENCE_TOO_HIGH",Highlight operational leadership and D4 Bisnis Internasional background from Unpad.,"PT Bridgestone Tire Indonesia - Karir dan Info Skip to content Kamis, 7 Mei 2026 News Rekrutmen Priority Banking Head dan Priority Banking Manager Bank Syariah Nasional Rekrutmen Fresh Graduate Development Program PT Wana Rimba Nusantara Rekrutmen BRILiaN Banking Associate Program (BBAP) BRI Region 15 Tahun 2026 Rekrutmen PT Nindya Karya BCA Management Trainee (MT) Program 2026 Batch 1 MENU Hubungi Kami Kategori LOKER SMA/SMK LOKER S1 LOKER D3 BUMN MANAGEMENT TRAINEE FRESH GRADUATE MAGANG PERTAM...",,,,merged_duplicate,https://lokerbumn.com/lowongan-pekerjaan-pt-bridgestone-tire-indonesia-terbaru/20/2025/,Last option only.
79,20,Priority 5 - Last Option,Skip Last,Not Recommended,,PT Cisarua Mountain Dairy Tbk,PT Cisarua,Jakarta,https://lokerbumn.com/lowongan-terbaru-pt-cisarua-mountain-dairy-tbk-new/19/2025/,LokerBumn - Officer Development Program,,,,,,,,90.0,Experience match: Entry level (0-2 years); Leadership/Execution fit; Education match: D4 Bisnis Internasional Unpad; Willing to relocate (nationwide),Requires 5+ years experience,,"FRESH_GRAD_ACCEPTED, NATIONWIDE_PLACEMENT, EXPERIENCE_TOO_HIGH",Highlight operational leadership and D4 Bisnis Internasional background from Unpad.,"PT Cisarua Mountain Dairy Tbk - Karir dan Info Skip to content Kamis, 7 Mei 2026 News Rekrutmen Priority Banking Head dan Priority Banking Manager Bank Syariah Nasional Rekrutmen Fresh Graduate Development Program PT Wana Rimba Nusantara Rekrutmen BRILiaN Banking Associate Program (BBAP) BRI Region 15 Tahun 2026 Rekrutmen PT Nindya Karya BCA Management Trainee (MT) Program 2026 Batch 1 MENU Hubungi Kami Kategori LOKER SMA/SMK LOKER S1 LOKER D3 BUMN MANAGEMENT TRAINEE FRESH GRADUATE MAGANG PERTAM...",,,,merged_duplicate,https://lokerbumn.com/lowongan-terbaru-pt-cisarua-mountain-dairy-tbk-new/19/2025/,Last option only.
80,20,Priority 5 - Last Option,Skip Last,Not Recommended,,PT Garena Indonesia,PT Garena,Jakarta,https://lokerbumn.com/info-rekrutmen-pt-garena-indonesia/19/2025/,LokerBumn - Officer Development Program,,,,,,,,90.0,Experience match: Entry level (0-2 years); Leadership/Execution fit; Education match: D4 Bisnis Internasional Unpad; Willing to relocate (nationwide),Requires 5+ years experience,,"FRESH_GRAD_ACCEPTED, NATIONWIDE_PLACEMENT, EXPERIENCE_TOO_HIGH",Highlight operational leadership and D4 Bisnis Internasional background from Unpad.,"PT Garena Indonesia - Karir dan Info Skip to content Kamis, 7 Mei 2026 News Rekrutmen Priority Banking Head dan Priority Banking Manager Bank Syariah Nasional Rekrutmen Fresh Graduate Development Program PT Wana Rimba Nusantara Rekrutmen BRILiaN Banking Associate Program (BBAP) BRI Region 15 Tahun 2026 Rekrutmen PT Nindya Karya BCA Management Trainee (MT) Program 2026 Batch 1 MENU Hubungi Kami Kategori LOKER SMA/SMK LOKER S1 LOKER D3 BUMN MANAGEMENT TRAINEE FRESH GRADUATE MAGANG PERTAMBANGAN ODP...",,,,merged_duplicate,https://lokerbumn.com/info-rekrutmen-pt-garena-indonesia/19/2025/,Last option only.
81,20,Priority 5 - Last Option,Skip Last,Not Recommended,,PT Hexpharm Jaya Laboratories (A Kalbe Company),PT Hexpharm,Jakarta,https://lokerbumn.com/pt-hexpharm-jaya-laboratories-a-kalbe-company/19/2026/,LokerBumn - Management Trainee,,,,,,,,90.0,Experience match: Entry level (0-2 years); Leadership/Execution fit; Education match: D4 Bisnis Internasional Unpad; Willing to relocate (nationwide),Requires 5+ years experience,,"FRESH_GRAD_ACCEPTED, NATIONWIDE_PLACEMENT, EXPERIENCE_TOO_HIGH",Highlight operational leadership and D4 Bisnis Internasional background from Unpad.,"PT Hexpharm Jaya Laboratories (A Kalbe Company) - Karir dan Info Skip to content Kamis, 7 Mei 2026 News Rekrutmen Priority Banking Head dan Priority Banking Manager Bank Syariah Nasional Rekrutmen Fresh Graduate Development Program PT Wana Rimba Nusantara Rekrutmen BRILiaN Banking Associate Program (BBAP) BRI Region 15 Tahun 2026 Rekrutmen PT Nindya Karya BCA Management Trainee (MT) Program 2026 Batch 1 MENU Hubungi Kami Kategori LOKER SMA/SMK LOKER S1 LOKER D3 BUMN MANAGEMENT TRAINEE FRESH GRAD...",,,,merged_duplicate,https://lokerbumn.com/pt-hexpharm-jaya-laboratories-a-kalbe-company/19/2026/,Last option only.
82,20,Priority 5 - Last Option,Skip Last,Not Recommended,,PT Indomarco Prismatama (Indomaret Group),PT Indomarco,Jakarta,https://lokerbumn.com/rekrutmen-di-pt-indomarco-prismatama-indomaret-group/08/2025/,LokerBumn - Officer Development Program,,,,,,,,90.0,Experience match: Entry level (0-2 years); Leadership/Execution fit; Education match: D4 Bisnis Internasional Unpad; Willing to relocate (nationwide),Requires 5+ years experience,,"FRESH_GRAD_ACCEPTED, NATIONWIDE_PLACEMENT, EXPERIENCE_TOO_HIGH",Highlight operational leadership and D4 Bisnis Internasional background from Unpad.,"PT Indomarco Prismatama (Indomaret Group) - Karir dan Info Skip to content Kamis, 7 Mei 2026 News Rekrutmen Priority Banking Head dan Priority Banking Manager Bank Syariah Nasional Rekrutmen Fresh Graduate Development Program PT Wana Rimba Nusantara Rekrutmen BRILiaN Banking Associate Program (BBAP) BRI Region 15 Tahun 2026 Rekrutmen PT Nindya Karya BCA Management Trainee (MT) Program 2026 Batch 1 MENU Hubungi Kami Kategori LOKER SMA/SMK LOKER S1 LOKER D3 BUMN MANAGEMENT TRAINEE FRESH GRADUATE M...",,,,merged_duplicate,https://lokerbumn.com/rekrutmen-di-pt-indomarco-prismatama-indomaret-group/08/2025/,Last option only.
83,20,Priority 5 - Last Option,Skip Last,Not Recommended,,PT Kalbe Farma Tbk,PT Kalbe,Jakarta,https://lokerbumn.com/info-rekrutmen-pt-kalbe-farma-tbk/22/2025/,LokerBumn - Officer Development Program,,,,,,,,90.0,Experience match: Entry level (0-2 years); Leadership/Execution fit; Education match: D4 Bisnis Internasional Unpad; Willing to relocate (nationwide),Requires 5+ years experience,,"FRESH_GRAD_ACCEPTED, NATIONWIDE_PLACEMENT, EXPERIENCE_TOO_HIGH",Highlight operational leadership and D4 Bisnis Internasional background from Unpad.,"PT Kalbe Farma Tbk - Karir dan Info Skip to content Kamis, 7 Mei 2026 News Rekrutmen Priority Banking Head dan Priority Banking Manager Bank Syariah Nasional Rekrutmen Fresh Graduate Development Program PT Wana Rimba Nusantara Rekrutmen BRILiaN Banking Associate Program (BBAP) BRI Region 15 Tahun 2026 Rekrutmen PT Nindya Karya BCA Management Trainee (MT) Program 2026 Batch 1 MENU Hubungi Kami Kategori LOKER SMA/SMK LOKER S1 LOKER D3 BUMN MANAGEMENT TRAINEE FRESH GRADUATE MAGANG PERTAMBANGAN ODP ...",,,,merged_duplicate,https://lokerbumn.com/info-rekrutmen-pt-kalbe-farma-tbk/22/2025/,Last option only.
84,20,Priority 5 - Last Option,Skip Last,Not Recommended,,PT Media Televisi Indonesia (METRO TV),PT Media,Jakarta,https://lokerbumn.com/info-loker-pt-media-televisi-indonesia-metro-tv/08/2025/,LokerBumn - Officer Development Program,,,,,,,,90.0,Experience match: Entry level (0-2 years); Leadership/Execution fit; Education match: D4 Bisnis Internasional Unpad; Willing to relocate (nationwide),Requires 5+ years experience,,"FRESH_GRAD_ACCEPTED, NATIONWIDE_PLACEMENT, EXPERIENCE_TOO_HIGH",Highlight operational leadership and D4 Bisnis Internasional background from Unpad.,"PT Media Televisi Indonesia (METRO TV) - Karir dan Info Skip to content Kamis, 7 Mei 2026 News Rekrutmen Priority Banking Head dan Priority Banking Manager Bank Syariah Nasional Rekrutmen Fresh Graduate Development Program PT Wana Rimba Nusantara Rekrutmen BRILiaN Banking Associate Program (BBAP) BRI Region 15 Tahun 2026 Rekrutmen PT Nindya Karya BCA Management Trainee (MT) Program 2026 Batch 1 MENU Hubungi Kami Kategori LOKER SMA/SMK LOKER S1 LOKER D3 BUMN MANAGEMENT TRAINEE FRESH GRADUATE MAGA...",,,,merged_duplicate,https://lokerbumn.com/info-loker-pt-media-televisi-indonesia-metro-tv/08/2025/,Last option only.
85,20,Priority 5 - Last Option,Skip Last,Not Recommended,,Rekrutmen PT Micro Madani Institute,PT Micro,Jakarta,https://lokerbumn.com/info-loker-pt-micro-madani-institute/11/2026/,LokerBumn - Management Trainee,,,,,,,,90.0,Experience match: Entry level (0-2 years); Leadership/Execution fit; Education match: D4 Bisnis Internasional Unpad; Willing to relocate (nationwide),Requires 5+ years experience,,"FRESH_GRAD_ACCEPTED, NATIONWIDE_PLACEMENT, EXPERIENCE_TOO_HIGH",Highlight operational leadership and D4 Bisnis Internasional background from Unpad.,"PT Micro Madani Institute (MMI) - Karir dan Info Skip to content Kamis, 7 Mei 2026 News Rekrutmen Priority Banking Head dan Priority Banking Manager Bank Syariah Nasional Rekrutmen Fresh Graduate Development Program PT Wana Rimba Nusantara Rekrutmen BRILiaN Banking Associate Program (BBAP) BRI Region 15 Tahun 2026 Rekrutmen PT Nindya Karya BCA Management Trainee (MT) Program 2026 Batch 1 MENU Hubungi Kami Kategori LOKER SMA/SMK LOKER S1 LOKER D3 BUMN MANAGEMENT TRAINEE FRESH GRADUATE MAGANG PERT...",,,,merged_duplicate,https://lokerbumn.com/info-loker-pt-micro-madani-institute/11/2026/,Last option only.
86,20,Priority 5 - Last Option,Skip Last,Not Recommended,,PT New Ratna Motor (Nasmoco Group),PT New,Jakarta,https://lokerbumn.com/info-rekrutmen-pt-new-ratna-motor/23/2025/,LokerBumn - Officer Development Program,,,,,,,,90.0,Experience match: Entry level (0-2 years); Leadership/Execution fit; Education match: D4 Bisnis Internasional Unpad; Willing to relocate (nationwide),Requires 5+ years experience,,"FRESH_GRAD_ACCEPTED, NATIONWIDE_PLACEMENT, EXPERIENCE_TOO_HIGH",Highlight operational leadership and D4 Bisnis Internasional background from Unpad.,"PT New Ratna Motor (Nasmoco Group) - Karir dan Info Skip to content Kamis, 7 Mei 2026 News Rekrutmen Priority Banking Head dan Priority Banking Manager Bank Syariah Nasional Rekrutmen Fresh Graduate Development Program PT Wana Rimba Nusantara Rekrutmen BRILiaN Banking Associate Program (BBAP) BRI Region 15 Tahun 2026 Rekrutmen PT Nindya Karya BCA Management Trainee (MT) Program 2026 Batch 1 MENU Hubungi Kami Kategori LOKER SMA/SMK LOKER S1 LOKER D3 BUMN MANAGEMENT TRAINEE FRESH GRADUATE MAGANG P...",,,,merged_duplicate,https://lokerbumn.com/info-rekrutmen-pt-new-ratna-motor/23/2025/,Last option only.
87,20,Priority 5 - Last Option,Skip Last,Not Recommended,,PT Lippo Karawaci Tbk (LippoLand),PT Nindya,Jakarta,https://lokerbumn.com/lowongan-kerja-pt-lippo-karawaci-tbk/21/2026/,LokerBumn - Officer Development Program,,,,,,,,90.0,Experience match: Entry level (0-2 years); Leadership/Execution fit; Education match: D4 Bisnis Internasional Unpad; Willing to relocate (nationwide),Requires 5+ years experience,,"FRESH_GRAD_ACCEPTED, NATIONWIDE_PLACEMENT, EXPERIENCE_TOO_HIGH",Highlight operational leadership and D4 Bisnis Internasional background from Unpad.,"LippoLand Management Development Program (MDP) Skip to content Kamis, 7 Mei 2026 News Rekrutmen Priority Banking Head dan Priority Banking Manager Bank Syariah Nasional Rekrutmen Fresh Graduate Development Program PT Wana Rimba Nusantara Rekrutmen BRILiaN Banking Associate Program (BBAP) BRI Region 15 Tahun 2026 Rekrutmen PT Nindya Karya BCA Management Trainee (MT) Program 2026 Batch 1 MENU Hubungi Kami Kategori LOKER SMA/SMK LOKER S1 LOKER D3 BUMN MANAGEMENT TRAINEE FRESH GRADUATE MAGANG PERTAM...",,,,merged_duplicate,https://lokerbumn.com/lowongan-kerja-pt-lippo-karawaci-tbk/21/2026/,Last option only.
88,20,Priority 5 - Last Option,Skip Last,Not Recommended,,Rekrutmen Unilever Future Leaders Programme (UFLP) 2026,PT Nindya,Jakarta,https://lokerbumn.com/rekrutmen-unilever-future-leaders-programme-uflp-2026/17/2026/,LokerBumn - Fresh Graduate,,,,,,,,90.0,Experience match: Entry level (0-2 years); Leadership/Execution fit; Education match: D4 Bisnis Internasional Unpad; Willing to relocate (nationwide),Requires 5+ years experience,,"FRESH_GRAD_ACCEPTED, NATIONWIDE_PLACEMENT, EXPERIENCE_TOO_HIGH",Highlight operational leadership and D4 Bisnis Internasional background from Unpad.,"Rekrutmen Unilever Future Leaders Programme (UFLP) 2026 - Karir dan Info Skip to content Kamis, 7 Mei 2026 News Rekrutmen Priority Banking Head dan Priority Banking Manager Bank Syariah Nasional Rekrutmen Fresh Graduate Development Program PT Wana Rimba Nusantara Rekrutmen BRILiaN Banking Associate Program (BBAP) BRI Region 15 Tahun 2026 Rekrutmen PT Nindya Karya BCA Management Trainee (MT) Program 2026 Batch 1 MENU Hubungi Kami Kategori LOKER SMA/SMK LOKER S1 LOKER D3 BUMN MANAGEMENT TRAINEE FR...",,,,merged_duplicate,https://lokerbumn.com/rekrutmen-unilever-future-leaders-programme-uflp-2026/17/2026/,Last option only.
89,20,Priority 5 - Last Option,Skip Last,Not Recommended,,Rekrutmen Frontliner Bank BTN,PT Nindya,Jakarta,https://lokerbumn.com/rekrutmen-frontliner-bank-btn/22/2026/,LokerBumn - Management Trainee,,,,,,,,90.0,Experience match: Entry level (0-2 years); Leadership/Execution fit; Education match: D4 Bisnis Internasional Unpad; Willing to relocate (nationwide),Requires 5+ years experience,,"FRESH_GRAD_ACCEPTED, NATIONWIDE_PLACEMENT, EXPERIENCE_TOO_HIGH",Highlight operational leadership and D4 Bisnis Internasional background from Unpad.,"Rekrutmen Frontliner Bank BTN - Karir dan Info Skip to content Kamis, 7 Mei 2026 News Rekrutmen Priority Banking Head dan Priority Banking Manager Bank Syariah Nasional Rekrutmen Fresh Graduate Development Program PT Wana Rimba Nusantara Rekrutmen BRILiaN Banking Associate Program (BBAP) BRI Region 15 Tahun 2026 Rekrutmen PT Nindya Karya BCA Management Trainee (MT) Program 2026 Batch 1 MENU Hubungi Kami Kategori LOKER SMA/SMK LOKER S1 LOKER D3 BUMN MANAGEMENT TRAINEE FRESH GRADUATE MAGANG PERTAM...",,,,merged_duplicate,https://lokerbumn.com/rekrutmen-frontliner-bank-btn/22/2026/,Last option only.
90,20,Priority 5 - Last Option,Skip Last,Not Recommended,,Rekrutmen PT Nindya Karya,PT Nindya,Jakarta,https://lokerbumn.com/rekrutmen-pt-nindya-karya/22/2026/,LokerBumn - Management Trainee,,,,,,,,90.0,Experience match: Entry level (0-2 years); Leadership/Execution fit; Education match: D4 Bisnis Internasional Unpad; Willing to relocate (nationwide),Requires 5+ years experience,,"FRESH_GRAD_ACCEPTED, NATIONWIDE_PLACEMENT, EXPERIENCE_TOO_HIGH",Highlight operational leadership and D4 Bisnis Internasional background from Unpad.,"Rekrutmen PT Nindya Karya - Karir dan Info Skip to content Kamis, 7 Mei 2026 News Rekrutmen Priority Banking Head dan Priority Banking Manager Bank Syariah Nasional Rekrutmen Fresh Graduate Development Program PT Wana Rimba Nusantara Rekrutmen BRILiaN Banking Associate Program (BBAP) BRI Region 15 Tahun 2026 Rekrutmen PT Nindya Karya BCA Management Trainee (MT) Program 2026 Batch 1 MENU Hubungi Kami Kategori LOKER SMA/SMK LOKER S1 LOKER D3 BUMN MANAGEMENT TRAINEE FRESH GRADUATE MAGANG PERTAMBANG...",,,,merged_duplicate,https://lokerbumn.com/rekrutmen-pt-nindya-karya/22/2026/,Last option only.
91,20,Priority 5 - Last Option,Skip Last,Not Recommended,,Program Magang Kantor Perwakilan Bank Indonesia Provinsi DKI Jakarta Batch I,PT Nindya,Jakarta,https://lokerbumn.com/program-magang-kantor-perwakilan-bank-indonesia-provinsi-dki-jakarta-batch-i/22/2026/,LokerBumn - Management Trainee,,,,,,,,90.0,Experience match: Entry level (0-2 years); Leadership/Execution fit; Education match: D4 Bisnis Internasional Unpad; Willing to relocate (nationwide),Requires 5+ years experience,,"FRESH_GRAD_ACCEPTED, NATIONWIDE_PLACEMENT, EXPERIENCE_TOO_HIGH",Highlight operational leadership and D4 Bisnis Internasional background from Unpad.,"Program Magang Kantor Perwakilan Bank Indonesia Provinsi DKI Jakarta Batch I Skip to content Kamis, 7 Mei 2026 News Rekrutmen Priority Banking Head dan Priority Banking Manager Bank Syariah Nasional Rekrutmen Fresh Graduate Development Program PT Wana Rimba Nusantara Rekrutmen BRILiaN Banking Associate Program (BBAP) BRI Region 15 Tahun 2026 Rekrutmen PT Nindya Karya BCA Management Trainee (MT) Program 2026 Batch 1 MENU Hubungi Kami Kategori LOKER SMA/SMK LOKER S1 LOKER D3 BUMN MANAGEMENT TRAINE...",,,,merged_duplicate,https://lokerbumn.com/program-magang-kantor-perwakilan-bank-indonesia-provinsi-dki-jakarta-batch-i/22/2026/,Last option only.
92,20,Priority 5 - Last Option,Skip Last,Not Recommended,,Program Magang & Program Praktek Kerja Lapangan (PKL) Kantor OJK,PT Nindya,Jakarta,https://lokerbumn.com/program-magang-program-praktek-kerja-lapangan-pkl-kantor-ojk/18/2026/,LokerBumn - Management Trainee,,,,,,,,90.0,Experience match: Entry level (0-2 years); Leadership/Execution fit; Education match: D4 Bisnis Internasional Unpad; Willing to relocate (nationwide),Requires 5+ years experience,,"FRESH_GRAD_ACCEPTED, NATIONWIDE_PLACEMENT, EXPERIENCE_TOO_HIGH",Highlight operational leadership and D4 Bisnis Internasional background from Unpad.,"Program Magang & Program Praktek Kerja Lapangan (PKL) Kantor OJK Skip to content Kamis, 7 Mei 2026 News Rekrutmen Priority Banking Head dan Priority Banking Manager Bank Syariah Nasional Rekrutmen Fresh Graduate Development Program PT Wana Rimba Nusantara Rekrutmen BRILiaN Banking Associate Program (BBAP) BRI Region 15 Tahun 2026 Rekrutmen PT Nindya Karya BCA Management Trainee (MT) Program 2026 Batch 1 MENU Hubungi Kami Kategori LOKER SMA/SMK LOKER S1 LOKER D3 BUMN MANAGEMENT TRAINEE FRESH GRAD...",,,,merged_duplicate,https://lokerbumn.com/program-magang-program-praktek-kerja-lapangan-pkl-kantor-ojk/18/2026/,Last option only.
93,20,Priority 5 - Last Option,Skip Last,Not Recommended,,PT BCA Finance,PT Nindya,Jakarta,https://lokerbumn.com/lowongan-kerja-pt-bca-finance-semua-jurusan/19/2025/,LokerBumn - Officer Development Program,,,,,,,,90.0,Experience match: Entry level (0-2 years); Leadership/Execution fit; Education match: D4 Bisnis Internasional Unpad; Willing to relocate (nationwide),Requires 5+ years experience,,"FRESH_GRAD_ACCEPTED, NATIONWIDE_PLACEMENT, EXPERIENCE_TOO_HIGH",Highlight operational leadership and D4 Bisnis Internasional background from Unpad.,"PT BCA Finance - Karir dan Info Skip to content Kamis, 7 Mei 2026 News Rekrutmen Priority Banking Head dan Priority Banking Manager Bank Syariah Nasional Rekrutmen Fresh Graduate Development Program PT Wana Rimba Nusantara Rekrutmen BRILiaN Banking Associate Program (BBAP) BRI Region 15 Tahun 2026 Rekrutmen PT Nindya Karya BCA Management Trainee (MT) Program 2026 Batch 1 MENU Hubungi Kami Kategori LOKER SMA/SMK LOKER S1 LOKER D3 BUMN MANAGEMENT TRAINEE FRESH GRADUATE MAGANG PERTAMBANGAN ODP MIGA...",,,,merged_duplicate,https://lokerbumn.com/lowongan-kerja-pt-bca-finance-semua-jurusan/19/2025/,Last option only.
94,20,Priority 5 - Last Option,Skip Last,Not Recommended,,Partai Persatuan Indonesia (Partai Perindo),PT Nindya,Jakarta,https://lokerbumn.com/partai-persatuan-indonesia-partai-perindo/20/2026/,LokerBumn - Fresh Graduate,,,,,,,,90.0,Experience match: Entry level (0-2 years); Leadership/Execution fit; Education match: D4 Bisnis Internasional Unpad; Willing to relocate (nationwide),Requires 5+ years experience,,"FRESH_GRAD_ACCEPTED, NATIONWIDE_PLACEMENT, EXPERIENCE_TOO_HIGH",Highlight operational leadership and D4 Bisnis Internasional background from Unpad.,"Rekrutmen Development Program Partai Persatuan Indonesia (Partai Perindo) Skip to content Kamis, 7 Mei 2026 News Rekrutmen Priority Banking Head dan Priority Banking Manager Bank Syariah Nasional Rekrutmen Fresh Graduate Development Program PT Wana Rimba Nusantara Rekrutmen BRILiaN Banking Associate Program (BBAP) BRI Region 15 Tahun 2026 Rekrutmen PT Nindya Karya BCA Management Trainee (MT) Program 2026 Batch 1 MENU Hubungi Kami Kategori LOKER SMA/SMK LOKER S1 LOKER D3 BUMN MANAGEMENT TRAINEE F...",,,,merged_duplicate,https://lokerbumn.com/partai-persatuan-indonesia-partai-perindo/20/2026/,Last option only.
95,20,Priority 5 - Last Option,Skip Last,Not Recommended,,Unilever Apprenticeship For Future Talents (UPLIFT) 2026,PT Nindya,Jakarta,https://lokerbumn.com/info-rekrutmen-pt-unilever-indonesia-tbk/13/2025/,LokerBumn - Fresh Graduate,,,,,,,,90.0,Experience match: Entry level (0-2 years); Leadership/Execution fit; Education match: D4 Bisnis Internasional Unpad; Willing to relocate (nationwide),Requires 5+ years experience,,"FRESH_GRAD_ACCEPTED, NATIONWIDE_PLACEMENT, EXPERIENCE_TOO_HIGH",Highlight operational leadership and D4 Bisnis Internasional background from Unpad.,"Unilever Apprenticeship For Future Talents (UPLIFT) 2026 Skip to content Kamis, 7 Mei 2026 News Rekrutmen Priority Banking Head dan Priority Banking Manager Bank Syariah Nasional Rekrutmen Fresh Graduate Development Program PT Wana Rimba Nusantara Rekrutmen BRILiaN Banking Associate Program (BBAP) BRI Region 15 Tahun 2026 Rekrutmen PT Nindya Karya BCA Management Trainee (MT) Program 2026 Batch 1 MENU Hubungi Kami Kategori LOKER SMA/SMK LOKER S1 LOKER D3 BUMN MANAGEMENT TRAINEE FRESH GRADUATE MAG...",,,,merged_duplicate,https://lokerbumn.com/info-rekrutmen-pt-unilever-indonesia-tbk/13/2025/,Last option only.
96,20,Priority 5 - Last Option,Skip Last,Not Recommended,,Junior Leadership Development Program Batch 62 – Astra Credit Companies (ACC),PT Nindya,Jakarta,https://lokerbumn.com/junior-leadership-development-program-batch-62-astra-credit-companies-acc/18/2026/,LokerBumn - Management Trainee,,,,,,,,90.0,Experience match: Entry level (0-2 years); Leadership/Execution fit; Education match: D4 Bisnis Internasional Unpad; Willing to relocate (nationwide),Requires 5+ years experience,,"FRESH_GRAD_ACCEPTED, NATIONWIDE_PLACEMENT, EXPERIENCE_TOO_HIGH",Highlight operational leadership and D4 Bisnis Internasional background from Unpad.,"Junior Leadership Development Program Batch 62 - Astra Credit Companies (ACC)  - Karir dan Info Skip to content Kamis, 7 Mei 2026 News Rekrutmen Priority Banking Head dan Priority Banking Manager Bank Syariah Nasional Rekrutmen Fresh Graduate Development Program PT Wana Rimba Nusantara Rekrutmen BRILiaN Banking Associate Program (BBAP) BRI Region 15 Tahun 2026 Rekrutmen PT Nindya Karya BCA Management Trainee (MT) Program 2026 Batch 1 MENU Hubungi Kami Kategori LOKER SMA/SMK LOKER S1 LOKER D3 BUM...",,,,merged_duplicate,https://lokerbumn.com/junior-leadership-development-program-batch-62-astra-credit-companies-acc/18/2026/,Last option only.
97,20,Priority 5 - Last Option,Skip Last,Not Recommended,,Rekrutmen Political Development Program (PDP) Batch 05 – DPP Partai Perindo,PT Nindya,Jakarta,https://lokerbumn.com/rekrutmen-political-development-program-pdp-batch-05-dpp-partai-perindo/22/2026/,LokerBumn - Fresh Graduate,,,,,,,,90.0,Experience match: Entry level (0-2 years); Leadership/Execution fit; Education match: D4 Bisnis Internasional Unpad; Willing to relocate (nationwide),Requires 5+ years experience,,"FRESH_GRAD_ACCEPTED, NATIONWIDE_PLACEMENT, EXPERIENCE_TOO_HIGH",Highlight operational leadership and D4 Bisnis Internasional background from Unpad.,"Rekrutmen Political Development Program (PDP) Batch 05 - DPP Partai Perindo - Karir dan Info Skip to content Kamis, 7 Mei 2026 News Rekrutmen Priority Banking Head dan Priority Banking Manager Bank Syariah Nasional Rekrutmen Fresh Graduate Development Program PT Wana Rimba Nusantara Rekrutmen BRILiaN Banking Associate Program (BBAP) BRI Region 15 Tahun 2026 Rekrutmen PT Nindya Karya BCA Management Trainee (MT) Program 2026 Batch 1 MENU Hubungi Kami Kategori LOKER SMA/SMK LOKER S1 LOKER D3 BUMN M...",,,,merged_duplicate,https://lokerbumn.com/rekrutmen-political-development-program-pdp-batch-05-dpp-partai-perindo/22/2026/,Last option only.
98,20,Priority 5 - Last Option,Skip Last,Not Recommended,,PT Pamapersada Nusantara (PAMA),PT Pamapersada,Jakarta,https://lokerbumn.com/lowongan-pekerjaan-pt-pamapersada-nusantara-pama-terbaru/19/2026/,LokerBumn - Management Trainee,,,,,,,,90.0,Experience match: Entry level (0-2 years); Leadership/Execution fit; Education match: D4 Bisnis Internasional Unpad; Willing to relocate (nationwide),Requires 5+ years experience,,"FRESH_GRAD_ACCEPTED, NATIONWIDE_PLACEMENT, EXPERIENCE_TOO_HIGH",Highlight operational leadership and D4 Bisnis Internasional background from Unpad.,"PT Pamapersada Nusantara (PAMA) - Karir dan Info Skip to content Kamis, 7 Mei 2026 News Rekrutmen Priority Banking Head dan Priority Banking Manager Bank Syariah Nasional Rekrutmen Fresh Graduate Development Program PT Wana Rimba Nusantara Rekrutmen BRILiaN Banking Associate Program (BBAP) BRI Region 15 Tahun 2026 Rekrutmen PT Nindya Karya BCA Management Trainee (MT) Program 2026 Batch 1 MENU Hubungi Kami Kategori LOKER SMA/SMK LOKER S1 LOKER D3 BUMN MANAGEMENT TRAINEE FRESH GRADUATE MAGANG PERT...",,,,merged_duplicate,https://lokerbumn.com/lowongan-pekerjaan-pt-pamapersada-nusantara-pama-terbaru/19/2026/,Last option only.
99,20,Priority 5 - Last Option,Skip Last,Not Recommended,,PT Saka Farma Laboratories (Kalbe Consumer Health),PT Saka,Jakarta,https://lokerbumn.com/lowongan-pt-saka-farma-laboratories/22/2025/,LokerBumn - Officer Development Program,,,,,,,,90.0,Experience match: Entry level (0-2 years); Leadership/Execution fit; Education match: D4 Bisnis Internasional Unpad; Willing to relocate (nationwide),Requires 5+ years experience,,"FRESH_GRAD_ACCEPTED, NATIONWIDE_PLACEMENT, EXPERIENCE_TOO_HIGH",Highlight operational leadership and D4 Bisnis Internasional background from Unpad.,"PT Saka Farma Laboratories (Kalbe Consumer Health) - Karir dan Info Skip to content Kamis, 7 Mei 2026 News Rekrutmen Priority Banking Head dan Priority Banking Manager Bank Syariah Nasional Rekrutmen Fresh Graduate Development Program PT Wana Rimba Nusantara Rekrutmen BRILiaN Banking Associate Program (BBAP) BRI Region 15 Tahun 2026 Rekrutmen PT Nindya Karya BCA Management Trainee (MT) Program 2026 Batch 1 MENU Hubungi Kami Kategori LOKER SMA/SMK LOKER S1 LOKER D3 BUMN MANAGEMENT TRAINEE FRESH G...",,,,merged_duplicate,https://lokerbumn.com/lowongan-pt-saka-farma-laboratories/22/2025/,Last option only.
100,20,Priority 5 - Last Option,Skip Last,Not Recommended,,PT Skha Indonesia,PT Skha,Jakarta,https://lokerbumn.com/lowongan-pekerjaan-pt-skha-indonesia/20/2025/,LokerBumn - Officer Development Program,,,,,,,,90.0,Experience match: Entry level (0-2 years); Leadership/Execution fit; Education match: D4 Bisnis Internasional Unpad; Willing to relocate (nationwide),Requires 5+ years experience,,"FRESH_GRAD_ACCEPTED, NATIONWIDE_PLACEMENT, EXPERIENCE_TOO_HIGH",Highlight operational leadership and D4 Bisnis Internasional background from Unpad.,"PT Skha Indonesia - Karir dan Info Skip to content Kamis, 7 Mei 2026 News Rekrutmen Priority Banking Head dan Priority Banking Manager Bank Syariah Nasional Rekrutmen Fresh Graduate Development Program PT Wana Rimba Nusantara Rekrutmen BRILiaN Banking Associate Program (BBAP) BRI Region 15 Tahun 2026 Rekrutmen PT Nindya Karya BCA Management Trainee (MT) Program 2026 Batch 1 MENU Hubungi Kami Kategori LOKER SMA/SMK LOKER S1 LOKER D3 BUMN MANAGEMENT TRAINEE FRESH GRADUATE MAGANG PERTAMBANGAN ODP M...",,,,merged_duplicate,https://lokerbumn.com/lowongan-pekerjaan-pt-skha-indonesia/20/2025/,Last option only.
101,20,Priority 5 - Last Option,Skip Last,Not Recommended,,PT Taulany Media Kreasi (Taulany TV),PT Taulany,Jakarta,https://lokerbumn.com/info-lowongan-kerja-di-pt-taulany-media-kreasi-taulany-tv/19/2026/,LokerBumn - Fresh Graduate,,,,,,,,90.0,Experience match: Entry level (0-2 years); Leadership/Execution fit; Education match: D4 Bisnis Internasional Unpad; Willing to relocate (nationwide),Requires 5+ years experience,,"FRESH_GRAD_ACCEPTED, NATIONWIDE_PLACEMENT, EXPERIENCE_TOO_HIGH",Highlight operational leadership and D4 Bisnis Internasional background from Unpad.,"PT Taulany Media Kreasi (Taulany TV) - Karir dan Info Skip to content Kamis, 7 Mei 2026 News Rekrutmen Priority Banking Head dan Priority Banking Manager Bank Syariah Nasional Rekrutmen Fresh Graduate Development Program PT Wana Rimba Nusantara Rekrutmen BRILiaN Banking Associate Program (BBAP) BRI Region 15 Tahun 2026 Rekrutmen PT Nindya Karya BCA Management Trainee (MT) Program 2026 Batch 1 MENU Hubungi Kami Kategori LOKER SMA/SMK LOKER S1 LOKER D3 BUMN MANAGEMENT TRAINEE FRESH GRADUATE MAGANG...",,,,merged_duplicate,https://lokerbumn.com/info-lowongan-kerja-di-pt-taulany-media-kreasi-taulany-tv/19/2026/,Last option only.
102,20,Priority 5 - Last Option,Skip Last,Not Recommended,,PT Taulany Media Kreasi (Taulany TV),PT Taulany,Jakarta,https://lokerbumn.com/info-rekrutmen-pt-taulany-media-kreasi-terbaru/10/2025/,LokerBumn - Fresh Graduate,,,,,,,,90.0,Experience match: Entry level (0-2 years); Leadership/Execution fit; Education match: D4 Bisnis Internasional Unpad; Willing to relocate (nationwide),Requires 5+ years experience,,"FRESH_GRAD_ACCEPTED, NATIONWIDE_PLACEMENT, EXPERIENCE_TOO_HIGH",Highlight operational leadership and D4 Bisnis Internasional background from Unpad.,"PT Taulany Media Kreasi (Taulany TV) - Karir dan Info Skip to content Kamis, 7 Mei 2026 News Rekrutmen Priority Banking Head dan Priority Banking Manager Bank Syariah Nasional Rekrutmen Fresh Graduate Development Program PT Wana Rimba Nusantara Rekrutmen BRILiaN Banking Associate Program (BBAP) BRI Region 15 Tahun 2026 Rekrutmen PT Nindya Karya BCA Management Trainee (MT) Program 2026 Batch 1 MENU Hubungi Kami Kategori LOKER SMA/SMK LOKER S1 LOKER D3 BUMN MANAGEMENT TRAINEE FRESH GRADUATE MAGANG...",,,,merged_duplicate,https://lokerbumn.com/info-rekrutmen-pt-taulany-media-kreasi-terbaru/10/2025/,Last option only.
103,20,Priority 5 - Last Option,Skip Last,Not Recommended,,PT Traktor Nusantara (Traknus),PT Traktor,Jakarta,https://lokerbumn.com/lowongan-pekerjaan-dari-pt-traktor-nusantara-traknus/16/2026/,LokerBumn - Management Trainee,,,,,,,,90.0,Experience match: Entry level (0-2 years); Leadership/Execution fit; Education match: D4 Bisnis Internasional Unpad; Willing to relocate (nationwide),Requires 5+ years experience,,"FRESH_GRAD_ACCEPTED, NATIONWIDE_PLACEMENT, EXPERIENCE_TOO_HIGH",Highlight operational leadership and D4 Bisnis Internasional background from Unpad.,"PT Traktor Nusantara (Traknus) - Karir dan Info Skip to content Kamis, 7 Mei 2026 News Rekrutmen Priority Banking Head dan Priority Banking Manager Bank Syariah Nasional Rekrutmen Fresh Graduate Development Program PT Wana Rimba Nusantara Rekrutmen BRILiaN Banking Associate Program (BBAP) BRI Region 15 Tahun 2026 Rekrutmen PT Nindya Karya BCA Management Trainee (MT) Program 2026 Batch 1 MENU Hubungi Kami Kategori LOKER SMA/SMK LOKER S1 LOKER D3 BUMN MANAGEMENT TRAINEE FRESH GRADUATE MAGANG PERTA...",,,,merged_duplicate,https://lokerbumn.com/lowongan-pekerjaan-dari-pt-traktor-nusantara-traknus/16/2026/,Last option only.
104,20,Priority 5 - Last Option,Skip Last,Not Recommended,,PT Unilever Oleochemical Indonesia,PT Unilever,Jakarta,https://lokerbumn.com/pt-unilever-oleochemical-indonesia/03/2026/,LokerBumn - Management Trainee,,,,,,,,90.0,Experience match: Entry level (0-2 years); Leadership/Execution fit; Education match: D4 Bisnis Internasional Unpad; Willing to relocate (nationwide),Requires 5+ years experience,,"FRESH_GRAD_ACCEPTED, NATIONWIDE_PLACEMENT, EXPERIENCE_TOO_HIGH",Highlight operational leadership and D4 Bisnis Internasional background from Unpad.,"PT Unilever Oleochemical Indonesia - Karir dan Info Skip to content Kamis, 7 Mei 2026 News Rekrutmen Priority Banking Head dan Priority Banking Manager Bank Syariah Nasional Rekrutmen Fresh Graduate Development Program PT Wana Rimba Nusantara Rekrutmen BRILiaN Banking Associate Program (BBAP) BRI Region 15 Tahun 2026 Rekrutmen PT Nindya Karya BCA Management Trainee (MT) Program 2026 Batch 1 MENU Hubungi Kami Kategori LOKER SMA/SMK LOKER S1 LOKER D3 BUMN MANAGEMENT TRAINEE FRESH GRADUATE MAGANG P...",,,,merged_duplicate,https://lokerbumn.com/pt-unilever-oleochemical-indonesia/03/2026/,Last option only.
105,20,Priority 5 - Last Option,Skip Last,Not Recommended,,UFRESH Indonesia 2026 – PT Unilever Indonesia Tbk,PT Unilever,Jakarta,https://lokerbumn.com/lowongan-pekerjaan-di-pt-unilever-indonesia-tbk/21/2026/,LokerBumn - Fresh Graduate,,,,,,,,90.0,Experience match: Entry level (0-2 years); Leadership/Execution fit; Education match: D4 Bisnis Internasional Unpad; Willing to relocate (nationwide),Requires 5+ years experience,,"FRESH_GRAD_ACCEPTED, NATIONWIDE_PLACEMENT, EXPERIENCE_TOO_HIGH",Highlight operational leadership and D4 Bisnis Internasional background from Unpad.,"UFRESH Indonesia 2026 - PT Unilever Indonesia Tbk - Karir dan Info Skip to content Kamis, 7 Mei 2026 News Rekrutmen Priority Banking Head dan Priority Banking Manager Bank Syariah Nasional Rekrutmen Fresh Graduate Development Program PT Wana Rimba Nusantara Rekrutmen BRILiaN Banking Associate Program (BBAP) BRI Region 15 Tahun 2026 Rekrutmen PT Nindya Karya BCA Management Trainee (MT) Program 2026 Batch 1 MENU Hubungi Kami Kategori LOKER SMA/SMK LOKER S1 LOKER D3 BUMN MANAGEMENT TRAINEE FRESH GR...",,,,merged_duplicate,https://lokerbumn.com/lowongan-pekerjaan-di-pt-unilever-indonesia-tbk/21/2026/,Last option only.
106,20,Priority 5 - Last Option,Skip Last,Not Recommended,,PT Vakansi Dedikasi Semesta (VINDES Corp),PT Vakansi,Jakarta,https://lokerbumn.com/pt-vakansi-dedikasi-semesta-vindes-corp-2/19/2026/,LokerBumn - Fresh Graduate,,,,,,,,90.0,Experience match: Entry level (0-2 years); Leadership/Execution fit; Education match: D4 Bisnis Internasional Unpad; Willing to relocate (nationwide),Requires 5+ years experience,,"FRESH_GRAD_ACCEPTED, NATIONWIDE_PLACEMENT, EXPERIENCE_TOO_HIGH",Highlight operational leadership and D4 Bisnis Internasional background from Unpad.,"PT Vakansi Dedikasi Semesta (VINDES Corp) - Karir dan Info Skip to content Kamis, 7 Mei 2026 News Rekrutmen Priority Banking Head dan Priority Banking Manager Bank Syariah Nasional Rekrutmen Fresh Graduate Development Program PT Wana Rimba Nusantara Rekrutmen BRILiaN Banking Associate Program (BBAP) BRI Region 15 Tahun 2026 Rekrutmen PT Nindya Karya BCA Management Trainee (MT) Program 2026 Batch 1 MENU Hubungi Kami Kategori LOKER SMA/SMK LOKER S1 LOKER D3 BUMN MANAGEMENT TRAINEE FRESH GRADUATE M...",,,,merged_duplicate,https://lokerbumn.com/pt-vakansi-dedikasi-semesta-vindes-corp-2/19/2026/,Last option only.
107,20,Priority 5 - Last Option,Skip Last,Not Recommended,,Rekrutmen Priority Banking Head dan Priority Banking Manager Bank Syariah Nasional,PT Wana,Jakarta,https://lokerbumn.com/rekrutmen-priority-banking-head-dan-priority-banking-manager-bank-syariah-nasional/22/2026/,LokerBumn - Management Trainee,,,,,,,,90.0,Experience match: Entry level (0-2 years); Leadership/Execution fit; Education match: D4 Bisnis Internasional Unpad; Willing to relocate (nationwide),Requires 5+ years experience,,"FRESH_GRAD_ACCEPTED, NATIONWIDE_PLACEMENT, EXPERIENCE_TOO_HIGH",Highlight operational leadership and D4 Bisnis Internasional background from Unpad.,"Rekrutmen Priority Banking Head dan Priority Banking Manager Bank Syariah Nasional - Karir dan Info Skip to content Kamis, 7 Mei 2026 News Rekrutmen Priority Banking Head dan Priority Banking Manager Bank Syariah Nasional Rekrutmen Fresh Graduate Development Program PT Wana Rimba Nusantara Rekrutmen BRILiaN Banking Associate Program (BBAP) BRI Region 15 Tahun 2026 Rekrutmen PT Nindya Karya BCA Management Trainee (MT) Program 2026 Batch 1 MENU Hubungi Kami Kategori LOKER SMA/SMK LOKER S1 LOKER D3...",,,,merged_duplicate,https://lokerbumn.com/rekrutmen-priority-banking-head-dan-priority-banking-manager-bank-syariah-nasional/22/2026/,Last option only.
108,20,Priority 5 - Last Option,Skip Last,Not Recommended,,Rekrutmen BRILiaN Banking Associate Program (BBAP) BRI Region 15 Tahun 2026,PT Wana,Jakarta,https://lokerbumn.com/rekrutmen-brilian-banking-associate-program-bbap-bri-region-15-tahun-2026/18/2026/,LokerBumn - Management Trainee,,,,,,,,90.0,Experience match: Entry level (0-2 years); Leadership/Execution fit; Education match: D4 Bisnis Internasional Unpad; Willing to relocate (nationwide),Requires 5+ years experience,,"FRESH_GRAD_ACCEPTED, NATIONWIDE_PLACEMENT, EXPERIENCE_TOO_HIGH",Highlight operational leadership and D4 Bisnis Internasional background from Unpad.,"Rekrutmen BRILiaN Banking Associate Program (BBAP) BRI Region 15 Tahun 2026 - Karir dan Info Skip to content Kamis, 7 Mei 2026 News Rekrutmen Priority Banking Head dan Priority Banking Manager Bank Syariah Nasional Rekrutmen Fresh Graduate Development Program PT Wana Rimba Nusantara Rekrutmen BRILiaN Banking Associate Program (BBAP) BRI Region 15 Tahun 2026 Rekrutmen PT Nindya Karya BCA Management Trainee (MT) Program 2026 Batch 1 MENU Hubungi Kami Kategori LOKER SMA/SMK LOKER S1 LOKER D3 BUMN M...",,,,merged_duplicate,https://lokerbumn.com/rekrutmen-brilian-banking-associate-program-bbap-bri-region-15-tahun-2026/18/2026/,Last option only.
109,20,Priority 5 - Last Option,Skip Last,Not Recommended,,Customer Service Pembukaan Rekening Online – PT Bank Central Asia Tbk,PT Bank,Jakarta,https://lokerbumn.com/lowongan-kerja-customer-service-pembukaan-rekening-online-pt-bank-central-asia-tbk/18/2026/,LokerBumn - Fresh Graduate,,,,,,,,75.0,Experience match: Entry level (0-2 years); Leadership/Execution fit; Education match: D4 Bisnis Internasional Unpad; Willing to relocate (nationwide),Requires 5+ years experience,,"FRESH_GRAD_ACCEPTED, NATIONWIDE_PLACEMENT, EXPERIENCE_TOO_HIGH",Highlight operational leadership and D4 Bisnis Internasional background from Unpad.,"Customer Service Pembukaan Rekening Online - PT Bank Central Asia Tbk - Karir dan Info Skip to content Kamis, 7 Mei 2026 News Rekrutmen Priority Banking Head dan Priority Banking Manager Bank Syariah Nasional Rekrutmen Fresh Graduate Development Program PT Wana Rimba Nusantara Rekrutmen BRILiaN Banking Associate Program (BBAP) BRI Region 15 Tahun 2026 Rekrutmen PT Nindya Karya BCA Management Trainee (MT) Program 2026 Batch 1 MENU Hubungi Kami Kategori LOKER SMA/SMK LOKER S1 LOKER D3 BUMN MANAGEM...",,,,merged_duplicate,https://lokerbumn.com/lowongan-kerja-customer-service-pembukaan-rekening-online-pt-bank-central-asia-tbk/18/2026/,Last option only.
110,20,Priority 5 - Last Option,Skip Last,Not Recommended,,PT MOYA Indonesia,PT Nindya,Jakarta,https://lokerbumn.com/lowongan-pekerjaan-pt-moya-indonesia/15/2025/,LokerBumn - Officer Development Program,,,,,,,,75.0,Experience match: Entry level (0-2 years); Leadership/Execution fit; Education match: D4 Bisnis Internasional Unpad; Willing to relocate (nationwide),Requires 5+ years experience,,"FRESH_GRAD_ACCEPTED, NATIONWIDE_PLACEMENT, EXPERIENCE_TOO_HIGH",Highlight operational leadership and D4 Bisnis Internasional background from Unpad.,"PT MOYA Indonesia - Karir dan Info Skip to content Kamis, 7 Mei 2026 News Rekrutmen Priority Banking Head dan Priority Banking Manager Bank Syariah Nasional Rekrutmen Fresh Graduate Development Program PT Wana Rimba Nusantara Rekrutmen BRILiaN Banking Associate Program (BBAP) BRI Region 15 Tahun 2026 Rekrutmen PT Nindya Karya BCA Management Trainee (MT) Program 2026 Batch 1 MENU Hubungi Kami Kategori LOKER SMA/SMK LOKER S1 LOKER D3 BUMN MANAGEMENT TRAINEE FRESH GRADUATE MAGANG PERTAMBANGAN ODP M...",,,,merged_duplicate,https://lokerbumn.com/lowongan-pekerjaan-pt-moya-indonesia/15/2025/,Last option only.
111,20,Priority 5 - Last Option,Skip Last,Not Recommended,,PT Timas Suplindo,PT Timas,Jakarta,https://lokerbumn.com/info-lowongan-pt-timas-suplindo-terbaru/20/2025/,LokerBumn - Fresh Graduate,,,,,,,,75.0,Experience match: Entry level (0-2 years); Leadership/Execution fit; Education match: D4 Bisnis Internasional Unpad; Willing to relocate (nationwide),Requires 5+ years experience,,"FRESH_GRAD_ACCEPTED, NATIONWIDE_PLACEMENT, EXPERIENCE_TOO_HIGH",Highlight operational leadership and D4 Bisnis Internasional background from Unpad.,"PT Timas Suplindo - Karir dan Info Skip to content Kamis, 7 Mei 2026 News Rekrutmen Priority Banking Head dan Priority Banking Manager Bank Syariah Nasional Rekrutmen Fresh Graduate Development Program PT Wana Rimba Nusantara Rekrutmen BRILiaN Banking Associate Program (BBAP) BRI Region 15 Tahun 2026 Rekrutmen PT Nindya Karya BCA Management Trainee (MT) Program 2026 Batch 1 MENU Hubungi Kami Kategori LOKER SMA/SMK LOKER S1 LOKER D3 BUMN MANAGEMENT TRAINEE FRESH GRADUATE MAGANG PERTAMBANGAN ODP M...",,,,merged_duplicate,https://lokerbumn.com/info-lowongan-pt-timas-suplindo-terbaru/20/2025/,Last option only.
