Rank,Score,Match Category,Recommendation,Job Title,Company,Location,Source,Link,Why Match,Gaps / Concerns,Suggested CV Tailoring,reason_codes,data_confidence,scrape_status,run_id,gpa_required,gpa_gap,gpa_status,gpa_note,deadline_parsed,deadline_status,days_until_deadline,urgency_level,deadline_note,not_apply_today_reason
1,80,Good Match,Apply / Maybe,Lowongan kerja PT Alamtri Resources Indonesia Tbk,PT Alamtri,Jakarta,Gokerja - Fresh Graduate,https://www.gokerja.id/lowongan-kerja-pt-alamtri-resources-indonesia-tbk/,Role match: MT; Experience match: Entry level (0-2 years); Industry match: Automotive; Leadership/Execution fit; Education match: D4 Bisnis Internasional Unpad; Willing to relocate (nationwide),None detected,Gunakan CV: CV_Fahry_Ramadhan.pdf. Highlight operational leadership & D4 Bisnis Internasional Unpad.,"MT_ODP_MATCH, FRESH_GRAD_ACCEPTED, NATIONWIDE_PLACEMENT, SALARY_MISSING, GPA_NOT_LISTED, DEADLINE_UNKNOWN",90,Success (HTML Fallback),Tidak tercantum,Tidak tercantum,Tidak tercantum,No GPA Listed,No GPA requirement detected,Tidak tercantum,Unknown,Tidak tercantum,Unknown,No deadline detected,
2,80,Good Match,Apply / Maybe,Management Trainee PT Astra International Tbk – Isuzu Sales Operation,PT Astra,Jakarta,Gokerja - Management Trainee,https://www.gokerja.id/maganement-trainee-pt-astra-international-tbk-isuzu-sales-operation/,Role match: Management Trainee; Experience match: Entry level (0-2 years); Industry match: Automotive; Leadership/Execution fit; Education match: D4 Bisnis Internasional Unpad; Willing to relocate (nationwide),None detected,Gunakan CV: CV_ID_Fahry_Ramadhan.pdf. Highlight operational leadership & D4 Bisnis Internasional Unpad.,"MT_ODP_MATCH, FRESH_GRAD_ACCEPTED, NATIONWIDE_PLACEMENT, SALARY_MISSING, GPA_NOT_LISTED, DEADLINE_UNKNOWN",90,Success (HTML Fallback),Tidak tercantum,Tidak tercantum,Tidak tercantum,No GPA Listed,No GPA requirement detected,Tidak tercantum,Unknown,Tidak tercantum,Unknown,No deadline detected,
3,80,Good Match,Apply / Maybe,BCA Management Trainee (MT) Program 2026 Batch 1,PT Bank,Jakarta,LokerBumn - Management Trainee,https://lokerbumn.com/lowongan-kerja-terbaru-dari-pt-bank-central-asia-tbk/22/2026/,Role match: Management Trainee; Experience match: Entry level (0-2 years); Industry match: Banking; Leadership/Execution fit; Education match: D4 Bisnis Internasional Unpad; Willing to relocate (nationwide),None detected,Gunakan CV: CV_Fahry_Ramadhan.pdf. Highlight operational leadership & D4 Bisnis Internasional Unpad.,"MT_ODP_MATCH, FRESH_GRAD_ACCEPTED, NATIONWIDE_PLACEMENT, SALARY_MISSING, GPA_NOT_LISTED, DEADLINE_UNKNOWN",90,Success (HTML Fallback),Tidak tercantum,Tidak tercantum,Tidak tercantum,No GPA Listed,No GPA requirement detected,Tidak tercantum,Unknown,Tidak tercantum,Unknown,No deadline detected,
4,80,Good Match,Apply / Maybe,Lowongan Management Trainee PT Bank Central Asia Tbk,PT Bank,Jakarta,Gokerja - Management Trainee,https://www.gokerja.id/lowongan-management-trainee-pt-bank-central-asia-tbk/,Role match: Management Trainee; Experience match: Entry level (0-2 years); Industry match: Automotive; Leadership/Execution fit; Education match: D4 Bisnis Internasional Unpad; Willing to relocate (nationwide),None detected,Gunakan CV: CV_Fahry_Ramadhan.pdf. Highlight operational leadership & D4 Bisnis Internasional Unpad.,"MT_ODP_MATCH, FRESH_GRAD_ACCEPTED, NATIONWIDE_PLACEMENT, SALARY_MISSING, GPA_NOT_LISTED, DEADLINE_UNKNOWN",90,Success (HTML Fallback),Tidak tercantum,Tidak tercantum,Tidak tercantum,No GPA Listed,No GPA requirement detected,Tidak tercantum,Unknown,Tidak tercantum,Unknown,No deadline detected,
5,80,Good Match,Apply / Maybe,Rekrutmen Officer Development Program Bank Mandiri 2026,PT Bank,Jakarta,LokerBumn - Management Trainee,https://lokerbumn.com/rekrutmen-officer-development-program-bank-mandiri-2026/18/2026/,Role match: Officer Development Program; Industry match: Banking; Leadership/Execution fit; Education match: D4 Bisnis Internasional Unpad; Willing to relocate (nationwide),None detected,Gunakan CV: CV_Fahry_Ramadhan.pdf. Highlight operational leadership & D4 Bisnis Internasional Unpad.,"NATIONWIDE_PLACEMENT, SALARY_MISSING, GPA_NOT_LISTED, DEADLINE_UNKNOWN",90,Success (HTML Fallback),Tidak tercantum,Tidak tercantum,Tidak tercantum,No GPA Listed,No GPA requirement detected,Tidak tercantum,Unknown,Tidak tercantum,Unknown,No deadline detected,
6,80,Good Match,Apply / Maybe,Graduate Development Program – PT Cisarua Mountain Dairy Tbk,PT Cisarua,Jakarta,LokerBumn - Management Trainee,https://lokerbumn.com/lowongan-pekerjaan-dari-pt-cisarua-mountain-dairy-tbk/20/2026/,Role match: Graduate Development Program; Industry match: Banking; Leadership/Execution fit; Education match: D4 Bisnis Internasional Unpad; Willing to relocate (nationwide),None detected,Gunakan CV: CV_Fahry_Ramadhan.pdf. Highlight operational leadership & D4 Bisnis Internasional Unpad.,"NATIONWIDE_PLACEMENT, SALARY_MISSING, GPA_NOT_LISTED, DEADLINE_UNKNOWN",90,Success (HTML Fallback),Tidak tercantum,Tidak tercantum,Tidak tercantum,No GPA Listed,No GPA requirement detected,Tidak tercantum,Unknown,Tidak tercantum,Unknown,No deadline detected,
7,80,Good Match,Apply / Maybe,Dharma Polimetal Management Trainee Program,PT Dharma,Jakarta,LokerBumn - Management Trainee,https://lokerbumn.com/lowongan-kerja-management-trainee-pt-dharma-polimetal-tbk/22/2026/,Role match: Management Trainee; Experience match: Entry level (0-2 years); Industry match: Banking; Leadership/Execution fit; Education match: D4 Bisnis Internasional Unpad; Willing to relocate (nationwide),None detected,Gunakan CV: CV_Fahry_Ramadhan.pdf. Highlight operational leadership & D4 Bisnis Internasional Unpad.,"MT_ODP_MATCH, FRESH_GRAD_ACCEPTED, NATIONWIDE_PLACEMENT, SALARY_MISSING, GPA_NOT_LISTED, DEADLINE_UNKNOWN",90,Success (HTML Fallback),Tidak tercantum,Tidak tercantum,Tidak tercantum,No GPA Listed,No GPA requirement detected,Tidak tercantum,Unknown,Tidak tercantum,Unknown,No deadline detected,
8,80,Good Match,Apply / Maybe,Management Trainee – J&T Cargo Indonesia (PT Global Yimi Cargo),PT Global,Jakarta,LokerBumn - Management Trainee,https://lokerbumn.com/lowongan-kerja-management-trainee-jt-cargo-indonesia-pt-global-yimi-cargo/21/2026/,Role match: Management Trainee; Experience match: Entry level (0-2 years); Industry match: Banking; Leadership/Execution fit; Education match: D4 Bisnis Internasional Unpad; Willing to relocate (nationwide),None detected,Gunakan CV: CV_Fahry_Ramadhan.pdf. Highlight operational leadership & D4 Bisnis Internasional Unpad.,"MT_ODP_MATCH, FRESH_GRAD_ACCEPTED, NATIONWIDE_PLACEMENT, SALARY_MISSING, GPA_NOT_LISTED, DEADLINE_UNKNOWN",90,Success (HTML Fallback),Tidak tercantum,Tidak tercantum,Tidak tercantum,No GPA Listed,No GPA requirement detected,Tidak tercantum,Unknown,Tidak tercantum,Unknown,No deadline detected,
9,80,Good Match,Apply / Maybe,Lowongan Management Trainee PT Molindo Raya Industrial,PT Molindo,Jakarta,Gokerja - Management Trainee,https://www.gokerja.id/lowongan-management-trainee-pt-molindo-raya-industrial/,Role match: Management Trainee; Experience match: Entry level (0-2 years); Industry match: Automotive; Leadership/Execution fit; Education match: D4 Bisnis Internasional Unpad; Willing to relocate (nationwide),None detected,Gunakan CV: CV_Fahry_Ramadhan.pdf. Highlight operational leadership & D4 Bisnis Internasional Unpad.,"MT_ODP_MATCH, FRESH_GRAD_ACCEPTED, NATIONWIDE_PLACEMENT, SALARY_MISSING, GPA_NOT_LISTED, DEADLINE_UNKNOWN",90,Success (HTML Fallback),Tidak tercantum,Tidak tercantum,Tidak tercantum,No GPA Listed,No GPA requirement detected,Tidak tercantum,Unknown,Tidak tercantum,Unknown,No deadline detected,
10,80,Good Match,Apply / Maybe,Sampoerna Graduate Trainee 2026,PT Philip,Jakarta,LokerBumn - Management Trainee,https://lokerbumn.com/lowongan-pekerjaan-dari-pt-hm-sampoerna-tbk/16/2026/,Role match: Graduate Trainee; Experience match: Entry level (0-2 years); Industry match: Banking; Leadership/Execution fit; Education match: D4 Bisnis Internasional Unpad; Willing to relocate (nationwide),None detected,Gunakan CV: CV_Fahry_Ramadhan.pdf. Highlight operational leadership & D4 Bisnis Internasional Unpad.,"MT_ODP_MATCH, FRESH_GRAD_ACCEPTED, NATIONWIDE_PLACEMENT, SALARY_MISSING, GPA_NOT_LISTED, DEADLINE_UNKNOWN",90,Success (HTML Fallback),Tidak tercantum,Tidak tercantum,Tidak tercantum,No GPA Listed,No GPA requirement detected,Tidak tercantum,Unknown,Tidak tercantum,Unknown,No deadline detected,
11,80,Good Match,Apply / Maybe,Lowongan Management Trainee PT Propan Raya ICC,PT Propan,Jakarta,Gokerja - Management Trainee,https://www.gokerja.id/lowongan-management-trainee-pt-propan-raya-icc/,Role match: Management Trainee; Experience match: Entry level (0-2 years); Industry match: Automotive; Leadership/Execution fit; Education match: D4 Bisnis Internasional Unpad; Willing to relocate (nationwide),None detected,Gunakan CV: CV_Fahry_Ramadhan.pdf. Highlight operational leadership & D4 Bisnis Internasional Unpad.,"MT_ODP_MATCH, FRESH_GRAD_ACCEPTED, NATIONWIDE_PLACEMENT, SALARY_MISSING, GPA_NOT_LISTED, DEADLINE_UNKNOWN",90,Success (HTML Fallback),Tidak tercantum,Tidak tercantum,Tidak tercantum,No GPA Listed,No GPA requirement detected,Tidak tercantum,Unknown,Tidak tercantum,Unknown,No deadline detected,
12,80,Good Match,Apply / Maybe,Lowongan Management Trainee PT Puninar Logistics,PT Puninar,Jakarta,Gokerja - Management Trainee,https://www.gokerja.id/lowongan-management-trainee-pt-puninar-logistics/,Role match: Management Trainee; Experience match: Entry level (0-2 years); Industry match: Logistics; Leadership/Execution fit; Education match: D4 Bisnis Internasional Unpad; Willing to relocate (nationwide),None detected,Gunakan CV: CV_Fahry_Ramadhan.pdf. Highlight operational leadership & D4 Bisnis Internasional Unpad.,"MT_ODP_MATCH, FRESH_GRAD_ACCEPTED, NATIONWIDE_PLACEMENT, SALARY_MISSING, GPA_NOT_LISTED, DEADLINE_UNKNOWN",90,Success (HTML Fallback),Tidak tercantum,Tidak tercantum,Tidak tercantum,No GPA Listed,No GPA requirement detected,Tidak tercantum,Unknown,Tidak tercantum,Unknown,No deadline detected,
13,80,Good Match,Apply / Maybe,Puninar Logistics Management Trainee Program,PT Puninar,Jakarta,LokerBumn - Management Trainee,https://lokerbumn.com/puninar-logistics-management-trainee-program/19/2026/,Role match: Management Trainee; Experience match: Entry level (0-2 years); Industry match: Logistics; Leadership/Execution fit; Education match: D4 Bisnis Internasional Unpad; Willing to relocate (nationwide),None detected,Gunakan CV: CV_Fahry_Ramadhan.pdf. Highlight operational leadership & D4 Bisnis Internasional Unpad.,"MT_ODP_MATCH, FRESH_GRAD_ACCEPTED, NATIONWIDE_PLACEMENT, SALARY_MISSING, GPA_NOT_LISTED, DEADLINE_UNKNOWN",90,Success (HTML Fallback),Tidak tercantum,Tidak tercantum,Tidak tercantum,No GPA Listed,No GPA requirement detected,Tidak tercantum,Unknown,Tidak tercantum,Unknown,No deadline detected,
14,80,Good Match,Apply / Maybe,Graduate Trainee Program – Coca-cola Europacific Partners Indonesia,PT Rumah,Jakarta,LokerBumn - Management Trainee,https://lokerbumn.com/lowongan-kerja-dari-coca-cola-europacific-partners-indonesia/22/2026/,Role match: Graduate Trainee; Industry match: Banking; Leadership/Execution fit; Education match: D4 Bisnis Internasional Unpad; Willing to relocate (nationwide),None detected,Gunakan CV: CV_Fahry_Ramadhan.pdf. Highlight operational leadership & D4 Bisnis Internasional Unpad.,"MT_ODP_MATCH, NATIONWIDE_PLACEMENT, SALARY_MISSING, GPA_NOT_LISTED, DEADLINE_UNKNOWN",90,Success (HTML Fallback),Tidak tercantum,Tidak tercantum,Tidak tercantum,No GPA Listed,No GPA requirement detected,Tidak tercantum,Unknown,Tidak tercantum,Unknown,No deadline detected,
15,80,Good Match,Apply / Maybe,Management Trainee – PT ASI Pudjiastuti Aviation (Susi Air),PT Rumah,Jakarta,LokerBumn - Management Trainee,https://lokerbumn.com/lowongan-kerja-management-trainee-pt-asi-pudjiastuti-aviation-susi-air/21/2026/,Role match: Management Trainee; Industry match: Banking; Leadership/Execution fit; Education match: D4 Bisnis Internasional Unpad; Willing to relocate (nationwide),None detected,Gunakan CV: CV_Fahry_Ramadhan.pdf. Highlight operational leadership & D4 Bisnis Internasional Unpad.,"MT_ODP_MATCH, NATIONWIDE_PLACEMENT, SALARY_MISSING, GPA_NOT_LISTED, DEADLINE_UNKNOWN",90,Success (HTML Fallback),Tidak tercantum,Tidak tercantum,Tidak tercantum,No GPA Listed,No GPA requirement detected,Tidak tercantum,Unknown,Tidak tercantum,Unknown,No deadline detected,
16,80,Good Match,Apply / Maybe,Management Trainee – Kawan Lama Group,PT Rumah,Jakarta,LokerBumn - Management Trainee,https://lokerbumn.com/info-lowongan-pekerjaan-dari-kawan-lama-group/20/2026/,Role match: Management Trainee; Experience match: Entry level (0-2 years); Industry match: Banking; Leadership/Execution fit; Education match: D4 Bisnis Internasional Unpad; Willing to relocate (nationwide),None detected,Gunakan CV: CV_Fahry_Ramadhan.pdf. Highlight operational leadership & D4 Bisnis Internasional Unpad.,"MT_ODP_MATCH, FRESH_GRAD_ACCEPTED, NATIONWIDE_PLACEMENT, SALARY_MISSING, GPA_NOT_LISTED, DEADLINE_UNKNOWN",90,Success (HTML Fallback),Tidak tercantum,Tidak tercantum,Tidak tercantum,No GPA Listed,No GPA requirement detected,Tidak tercantum,Unknown,Tidak tercantum,Unknown,No deadline detected,
17,80,Good Match,Apply / Maybe,Samudera Management Development Program,PT Samudera,Jakarta,LokerBumn - Management Trainee,https://lokerbumn.com/info-lowongan-kerja-pt-samudera-indonesia-tbk/18/2026/,Role match: Management Development Program; Experience match: Entry level (0-2 years); Industry match: Banking; Leadership/Execution fit; Education match: D4 Bisnis Internasional Unpad; Willing to relocate (nationwide),None detected,Gunakan CV: CV_Fahry_Ramadhan.pdf. Highlight operational leadership & D4 Bisnis Internasional Unpad.,"FRESH_GRAD_ACCEPTED, NATIONWIDE_PLACEMENT, SALARY_MISSING, GPA_NOT_LISTED, DEADLINE_UNKNOWN",90,Success (HTML Fallback),Tidak tercantum,Tidak tercantum,Tidak tercantum,No GPA Listed,No GPA requirement detected,Tidak tercantum,Unknown,Tidak tercantum,Unknown,No deadline detected,
18,80,Good Match,Apply / Maybe,Management Trainee Program – PT Sinar Sosro Gunung Slamat,PT Sinar,Jakarta,LokerBumn - Management Trainee,https://lokerbumn.com/management-trainee-program-pt-sinar-sosro-gunung-slamat/21/2026/,Role match: Management Trainee; Industry match: Banking; Leadership/Execution fit; Education match: D4 Bisnis Internasional Unpad; Willing to relocate (nationwide),None detected,Gunakan CV: CV_Fahry_Ramadhan.pdf. Highlight operational leadership & D4 Bisnis Internasional Unpad.,"MT_ODP_MATCH, NATIONWIDE_PLACEMENT, SALARY_MISSING, GPA_NOT_LISTED, DEADLINE_UNKNOWN",90,Success (HTML Fallback),Tidak tercantum,Tidak tercantum,Tidak tercantum,No GPA Listed,No GPA requirement detected,Tidak tercantum,Unknown,Tidak tercantum,Unknown,No deadline detected,
19,80,Good Match,Apply / Maybe,Skha Graduate Development Program (SGDP) 2026,PT Skha,Jakarta,LokerBumn - Management Trainee,https://lokerbumn.com/info-lowongan-kerja-pt-skha-indonesia/22/2026/,Role match: Graduate Development Program; Experience match: Entry level (0-2 years); Industry match: Banking; Leadership/Execution fit; Education match: D4 Bisnis Internasional Unpad; Willing to relocate (nationwide),None detected,Gunakan CV: CV_Fahry_Ramadhan.pdf. Highlight operational leadership & D4 Bisnis Internasional Unpad.,"FRESH_GRAD_ACCEPTED, NATIONWIDE_PLACEMENT, SALARY_MISSING, GPA_NOT_LISTED, DEADLINE_UNKNOWN",90,Success (HTML Fallback),Tidak tercantum,Tidak tercantum,Tidak tercantum,No GPA Listed,No GPA requirement detected,Tidak tercantum,Unknown,Tidak tercantum,Unknown,No deadline detected,
20,80,Good Match,Apply / Maybe,Management Trainee – PT Supra Boga Lestari Tbk,PT Supra,Jakarta,LokerBumn - Management Trainee,https://lokerbumn.com/lowongan-kerja-dari-pt-supra-boga-lestari-tbk/19/2026/,Role match: Management Trainee; Experience match: Entry level (0-2 years); Industry match: Banking; Leadership/Execution fit; Education match: D4 Bisnis Internasional Unpad; Willing to relocate (nationwide),None detected,Gunakan CV: CV_Fahry_Ramadhan.pdf. Highlight operational leadership & D4 Bisnis Internasional Unpad.,"MT_ODP_MATCH, FRESH_GRAD_ACCEPTED, NATIONWIDE_PLACEMENT, SALARY_MISSING, GPA_NOT_LISTED, DEADLINE_UNKNOWN",90,Success (HTML Fallback),Tidak tercantum,Tidak tercantum,Tidak tercantum,No GPA Listed,No GPA requirement detected,Tidak tercantum,Unknown,Tidak tercantum,Unknown,No deadline detected,
21,80,Good Match,Apply / Maybe,Lowongan Management Trainee PT Surya Toto Indonesia Tbk (TOTO),PT Surya,Jakarta,Gokerja - Management Trainee,https://www.gokerja.id/lowongan-management-trainee-pt-surya-toto-indonesia-tbk-toto/,Role match: Management Trainee; Experience match: Entry level (0-2 years); Industry match: Automotive; Leadership/Execution fit; Education match: D4 Bisnis Internasional Unpad; Willing to relocate (nationwide),None detected,Gunakan CV: CV_Fahry_Ramadhan.pdf. Highlight operational leadership & D4 Bisnis Internasional Unpad.,"MT_ODP_MATCH, FRESH_GRAD_ACCEPTED, NATIONWIDE_PLACEMENT, SALARY_MISSING, GPA_NOT_LISTED, DEADLINE_UNKNOWN",90,Success (HTML Fallback),Tidak tercantum,Tidak tercantum,Tidak tercantum,No GPA Listed,No GPA requirement detected,Tidak tercantum,Unknown,Tidak tercantum,Unknown,No deadline detected,
22,80,Good Match,Apply / Maybe,Lowongan Management Trainee Arista Group,PT Tower,Jakarta,Gokerja - Management Trainee,https://www.gokerja.id/lowongan-management-trainee-arista-group/,Role match: Management Trainee; Experience match: Entry level (0-2 years); Industry match: Automotive; Leadership/Execution fit; Education match: D4 Bisnis Internasional Unpad; Willing to relocate (nationwide),None detected,Gunakan CV: CV_Fahry_Ramadhan.pdf. Highlight operational leadership & D4 Bisnis Internasional Unpad.,"MT_ODP_MATCH, FRESH_GRAD_ACCEPTED, NATIONWIDE_PLACEMENT, SALARY_MISSING, GPA_NOT_LISTED, DEADLINE_UNKNOWN",90,Success (HTML Fallback),Tidak tercantum,Tidak tercantum,Tidak tercantum,No GPA Listed,No GPA requirement detected,Tidak tercantum,Unknown,Tidak tercantum,Unknown,No deadline detected,
23,80,Good Match,Apply / Maybe,Lowongan Management Trainee Asia Pulp & Paper (APP),PT Tower,Jakarta,Gokerja - Management Trainee,https://www.gokerja.id/lowongan-management-trainee-asia-pulp-paper-app/,Role match: Management Trainee; Experience match: Entry level (0-2 years); Industry match: Automotive; Leadership/Execution fit; Education match: D4 Bisnis Internasional Unpad; Willing to relocate (nationwide),None detected,Gunakan CV: CV_Fahry_Ramadhan.pdf. Highlight operational leadership & D4 Bisnis Internasional Unpad.,"MT_ODP_MATCH, FRESH_GRAD_ACCEPTED, NATIONWIDE_PLACEMENT, SALARY_MISSING, GPA_NOT_LISTED, DEADLINE_UNKNOWN",90,Success (HTML Fallback),Tidak tercantum,Tidak tercantum,Tidak tercantum,No GPA Listed,No GPA requirement detected,Tidak tercantum,Unknown,Tidak tercantum,Unknown,No deadline detected,
24,80,Good Match,Apply / Maybe,Lowongan Management Trainee Gunung Sewu Group,PT Tower,Jakarta,Gokerja - Management Trainee,https://www.gokerja.id/lowongan-management-trainee-gunung-sewu-group/,Role match: Management Trainee; Experience match: Entry level (0-2 years); Industry match: Automotive; Leadership/Execution fit; Education match: D4 Bisnis Internasional Unpad; Willing to relocate (nationwide),None detected,Gunakan CV: CV_Fahry_Ramadhan.pdf. Highlight operational leadership & D4 Bisnis Internasional Unpad.,"MT_ODP_MATCH, FRESH_GRAD_ACCEPTED, NATIONWIDE_PLACEMENT, SALARY_MISSING, GPA_NOT_LISTED, DEADLINE_UNKNOWN",90,Success (HTML Fallback),Tidak tercantum,Tidak tercantum,Tidak tercantum,No GPA Listed,No GPA requirement detected,Tidak tercantum,Unknown,Tidak tercantum,Unknown,No deadline detected,
25,80,Good Match,Apply / Maybe,Lowongan Management Trainee Meratus Group,PT Tower,Jakarta,Gokerja - Management Trainee,https://www.gokerja.id/lowongan-management-trainee-meratus-group/,Role match: Management Trainee; Experience match: Entry level (0-2 years); Industry match: Automotive; Leadership/Execution fit; Education match: D4 Bisnis Internasional Unpad; Willing to relocate (nationwide),None detected,Gunakan CV: CV_Fahry_Ramadhan.pdf. Highlight operational leadership & D4 Bisnis Internasional Unpad.,"MT_ODP_MATCH, FRESH_GRAD_ACCEPTED, NATIONWIDE_PLACEMENT, SALARY_MISSING, GPA_NOT_LISTED, DEADLINE_UNKNOWN",90,Success (HTML Fallback),Tidak tercantum,Tidak tercantum,Tidak tercantum,No GPA Listed,No GPA requirement detected,Tidak tercantum,Unknown,Tidak tercantum,Unknown,No deadline detected,
26,80,Good Match,Apply / Maybe,Lowongan Management Trainee SPS Corporate,PT Tower,Jakarta,Gokerja - Management Trainee,https://www.gokerja.id/lowongan-management-trainee-sps-corporate/,Role match: Management Trainee; Experience match: Entry level (0-2 years); Industry match: Automotive; Leadership/Execution fit; Education match: D4 Bisnis Internasional Unpad; Willing to relocate (nationwide),None detected,Gunakan CV: CV_Fahry_Ramadhan.pdf. Highlight operational leadership & D4 Bisnis Internasional Unpad.,"MT_ODP_MATCH, FRESH_GRAD_ACCEPTED, NATIONWIDE_PLACEMENT, SALARY_MISSING, GPA_NOT_LISTED, DEADLINE_UNKNOWN",90,Success (HTML Fallback),Tidak tercantum,Tidak tercantum,Tidak tercantum,No GPA Listed,No GPA requirement detected,Tidak tercantum,Unknown,Tidak tercantum,Unknown,No deadline detected,
27,80,Good Match,Apply / Maybe,Officer Development Program (ODP) Bank BNI,PT Tower,Jakarta,Gokerja - Management Trainee,https://www.gokerja.id/officer-development-program-odp-bank-bni/,Role match: ODP; Experience match: Entry level (0-2 years); Industry match: Automotive; Leadership/Execution fit; Education match: D4 Bisnis Internasional Unpad; Willing to relocate (nationwide),None detected,Gunakan CV: CV_Fahry_Ramadhan.pdf. Highlight operational leadership & D4 Bisnis Internasional Unpad.,"MT_ODP_MATCH, FRESH_GRAD_ACCEPTED, NATIONWIDE_PLACEMENT, SALARY_MISSING, GPA_NOT_LISTED, DEADLINE_UNKNOWN",90,Success (HTML Fallback),Tidak tercantum,Tidak tercantum,Tidak tercantum,No GPA Listed,No GPA requirement detected,Tidak tercantum,Unknown,Tidak tercantum,Unknown,No deadline detected,
28,80,Good Match,Apply / Maybe,Sampoerna Graduate Trainee PT HM Sampoerna Tbk,PT Tower,Jakarta,Gokerja - Management Trainee,https://www.gokerja.id/sampoerna-graduate-trainee-2022-pt-hm-sampoerna-tbk/,Role match: Graduate Trainee; Experience match: Entry level (0-2 years); Industry match: Automotive; Leadership/Execution fit; Education match: D4 Bisnis Internasional Unpad; Willing to relocate (nationwide),None detected,Gunakan CV: CV_Fahry_Ramadhan.pdf. Highlight operational leadership & D4 Bisnis Internasional Unpad.,"MT_ODP_MATCH, FRESH_GRAD_ACCEPTED, NATIONWIDE_PLACEMENT, SALARY_MISSING, GPA_NOT_LISTED, DEADLINE_UNKNOWN",90,Success (HTML Fallback),Tidak tercantum,Tidak tercantum,Tidak tercantum,No GPA Listed,No GPA requirement detected,Tidak tercantum,Unknown,Tidak tercantum,Unknown,No deadline detected,
29,80,Good Match,Apply / Maybe,Management Trainee – PT Toyota Astra Financial Services (TAF),PT Toyota,Jakarta,LokerBumn - Management Trainee,https://lokerbumn.com/lowongan-kerja-di-pt-toyota-astra-financial-services-taf/03/2026/,Role match: Management Trainee; Experience match: Entry level (0-2 years); Industry match: Banking; Leadership/Execution fit; Education match: D4 Bisnis Internasional Unpad; Willing to relocate (nationwide),None detected,Gunakan CV: CV_ID_Fahry_Ramadhan.pdf. Highlight operational leadership & D4 Bisnis Internasional Unpad.,"MT_ODP_MATCH, FRESH_GRAD_ACCEPTED, NATIONWIDE_PLACEMENT, SALARY_MISSING, GPA_NOT_LISTED, DEADLINE_UNKNOWN",90,Success (HTML Fallback),Tidak tercantum,Tidak tercantum,Tidak tercantum,No GPA Listed,No GPA requirement detected,Tidak tercantum,Unknown,Tidak tercantum,Unknown,No deadline detected,
30,80,Good Match,Apply / Maybe,Management Trainee Program Transjakarta 2026,PT Transportasi,Jakarta,LokerBumn - Management Trainee,https://lokerbumn.com/management-trainee-program-transjakarta-2026/22/2026/,Role match: Management Trainee; Experience match: Entry level (0-2 years); Industry match: Banking; Leadership/Execution fit; Education match: D4 Bisnis Internasional Unpad; Willing to relocate (nationwide),None detected,Gunakan CV: CV_Fahry_Ramadhan.pdf. Highlight operational leadership & D4 Bisnis Internasional Unpad.,"MT_ODP_MATCH, FRESH_GRAD_ACCEPTED, NATIONWIDE_PLACEMENT, SALARY_MISSING, GPA_NOT_LISTED, DEADLINE_UNKNOWN",90,Success (HTML Fallback),Tidak tercantum,Tidak tercantum,Tidak tercantum,No GPA Listed,No GPA requirement detected,Tidak tercantum,Unknown,Tidak tercantum,Unknown,No deadline detected,
31,80,Good Match,Apply / Maybe,Triputra Management Trainee Program,PT Triputra,Jakarta,LokerBumn - Management Trainee,https://lokerbumn.com/lowongan-kerja-terbaru-dari-pt-triputra-agro-persada-tbk/18/2026/,Role match: Management Trainee; Experience match: Entry level (0-2 years); Industry match: Banking; Leadership/Execution fit; Education match: D4 Bisnis Internasional Unpad; Willing to relocate (nationwide),None detected,Gunakan CV: CV_Fahry_Ramadhan.pdf. Highlight operational leadership & D4 Bisnis Internasional Unpad.,"MT_ODP_MATCH, FRESH_GRAD_ACCEPTED, NATIONWIDE_PLACEMENT, SALARY_MISSING, GPA_NOT_LISTED, DEADLINE_UNKNOWN",90,Success (HTML Fallback),Tidak tercantum,Tidak tercantum,Tidak tercantum,No GPA Listed,No GPA requirement detected,Tidak tercantum,Unknown,Tidak tercantum,Unknown,No deadline detected,
32,80,Good Match,Apply / Maybe,Unifam Management Trainee Program – PT United Family Food,PT United,Jakarta,LokerBumn - Management Trainee,https://lokerbumn.com/lowongan-kerja-dari-pt-united-family-food-unifam/19/2026/,Role match: Management Trainee; Experience match: Entry level (0-2 years); Industry match: Banking; Leadership/Execution fit; Education match: D4 Bisnis Internasional Unpad; Willing to relocate (nationwide),None detected,Gunakan CV: CV_Fahry_Ramadhan.pdf. Highlight operational leadership & D4 Bisnis Internasional Unpad.,"MT_ODP_MATCH, FRESH_GRAD_ACCEPTED, NATIONWIDE_PLACEMENT, SALARY_MISSING, GPA_NOT_LISTED, DEADLINE_UNKNOWN",90,Success (HTML Fallback),Tidak tercantum,Tidak tercantum,Tidak tercantum,No GPA Listed,No GPA requirement detected,Tidak tercantum,Unknown,Tidak tercantum,Unknown,No deadline detected,
33,80,Good Match,Apply / Maybe,Rekrutmen Fresh Graduate Development Program PT Wana Rimba Nusantara,PT Wana,Jakarta,LokerBumn - Management Trainee,https://lokerbumn.com/rekrutmen-fresh-graduate-development-program-pt-wana-rimba-nusantara/18/2026/,Role match: Graduate Development Program; Experience match: Entry level (0-2 years); Industry match: Banking; Leadership/Execution fit; Education match: D4 Bisnis Internasional Unpad; Willing to relocate (nationwide),None detected,Gunakan CV: CV_Fahry_Ramadhan.pdf. Highlight operational leadership & D4 Bisnis Internasional Unpad.,"FRESH_GRAD_ACCEPTED, NATIONWIDE_PLACEMENT, SALARY_MISSING, GPA_NOT_LISTED, DEADLINE_UNKNOWN",90,Success (HTML Fallback),Tidak tercantum,Tidak tercantum,Tidak tercantum,No GPA Listed,No GPA requirement detected,Tidak tercantum,Unknown,Tidak tercantum,Unknown,No deadline detected,
34,80,Good Match,Apply / Maybe,Sampoerna Kayoe Management Trainee Program Batch 2026,PT Sumber,Jakarta,LokerBumn - Management Trainee,https://lokerbumn.com/sampoerna-kayoe-management-trainee-program-batch-2026/03/2026/,Role match: Management Trainee; Experience match: Entry level (0-2 years); Industry match: Banking; Leadership/Execution fit; Education match: D4 Bisnis Internasional Unpad; Willing to relocate (nationwide),None detected,Gunakan CV: CV_Fahry_Ramadhan.pdf. Highlight operational leadership & D4 Bisnis Internasional Unpad.,"MT_ODP_MATCH, FRESH_GRAD_ACCEPTED, NATIONWIDE_PLACEMENT, SALARY_MISSING, GPA_NOT_LISTED, DEADLINE_UNKNOWN",75,Success (HTML Fallback),Tidak tercantum,Tidak tercantum,Tidak tercantum,No GPA Listed,No GPA requirement detected,Tidak tercantum,Unknown,Tidak tercantum,Unknown,No deadline detected,
35,70,Possible Match,Maybe,Lowongan Kerja Officer Development Program PT Bank Mandiri (Persero) Tbk,PT Bank,Jakarta,Gokerja - Management Trainee,https://www.gokerja.id/lowongan-kerja-officer-development-program-pt-bank-mandiri-persero-tbk/,Role match: Officer Development Program; Experience match: Entry level (0-2 years); Industry match: Automotive; Leadership/Execution fit; Willing to relocate (nationwide),None detected,Gunakan CV: CV_Fahry_Ramadhan.pdf. Highlight operational leadership & D4 Bisnis Internasional Unpad.,"FRESH_GRAD_ACCEPTED, MAJOR_RISK, NATIONWIDE_PLACEMENT, SALARY_MISSING, GPA_NOT_LISTED, DEADLINE_UNKNOWN",90,Success (HTML Fallback),Tidak tercantum,Tidak tercantum,Tidak tercantum,No GPA Listed,No GPA requirement detected,Tidak tercantum,Unknown,Tidak tercantum,Unknown,No deadline detected,Score below 75
36,70,Possible Match,Maybe,"Rekrutmen ODP, General Banking Staff, Teller Service Staff, Bank BTN",PT Bank,Jakarta,LokerBumn - Management Trainee,https://lokerbumn.com/rekrutmen-odp-general-banking-staff-teller-service-staff-bank-btn/18/2026/,Role match: ODP; Industry match: Banking; Education match: D4 Bisnis Internasional Unpad; Willing to relocate (nationwide),None detected,Gunakan CV: CV_Fahry_Ramadhan.pdf. Highlight operational leadership & D4 Bisnis Internasional Unpad.,"MT_ODP_MATCH, NATIONWIDE_PLACEMENT, SALARY_MISSING, GPA_NOT_LISTED, DEADLINE_UNKNOWN",90,Success (HTML Fallback),Tidak tercantum,Tidak tercantum,Tidak tercantum,No GPA Listed,No GPA requirement detected,Tidak tercantum,Unknown,Tidak tercantum,Unknown,No deadline detected,Score below 75
37,70,Possible Match,Maybe,Lowongan Management Trainee PT Platinum Ceramics Industry,PT Platinum,Jakarta,Gokerja - Management Trainee,https://www.gokerja.id/lowongan-management-trainee-pt-platinum-ceramics-industry/,Role match: Management Trainee; Experience match: Entry level (0-2 years); Industry match: Automotive; Leadership/Execution fit; Willing to relocate (nationwide),None detected,Gunakan CV: CV_Fahry_Ramadhan.pdf. Highlight operational leadership & D4 Bisnis Internasional Unpad.,"MT_ODP_MATCH, FRESH_GRAD_ACCEPTED, MAJOR_RISK, NATIONWIDE_PLACEMENT, SALARY_MISSING, GPA_NOT_LISTED, DEADLINE_UNKNOWN",90,Success (HTML Fallback),Tidak tercantum,Tidak tercantum,Tidak tercantum,No GPA Listed,No GPA requirement detected,Tidak tercantum,Unknown,Tidak tercantum,Unknown,No deadline detected,Score below 75
38,70,Possible Match,Maybe,Lowongan Management Trainee PT Santos Jaya Abadi (Kapal Api Group),PT Santos,Jakarta,Gokerja - Management Trainee,https://www.gokerja.id/lowongan-management-trainee-pt-santos-jaya-abadi-kapal-api-group/,Role match: Management Trainee; Experience match: Entry level (0-2 years); Industry match: Automotive; Leadership/Execution fit; Willing to relocate (nationwide),None detected,Gunakan CV: CV_Fahry_Ramadhan.pdf. Highlight operational leadership & D4 Bisnis Internasional Unpad.,"MT_ODP_MATCH, FRESH_GRAD_ACCEPTED, MAJOR_RISK, NATIONWIDE_PLACEMENT, SALARY_MISSING, GPA_NOT_LISTED, DEADLINE_UNKNOWN",90,Success (HTML Fallback),Tidak tercantum,Tidak tercantum,Tidak tercantum,No GPA Listed,No GPA requirement detected,Tidak tercantum,Unknown,Tidak tercantum,Unknown,No deadline detected,Score below 75
39,70,Possible Match,Maybe,Lowongan KerjaINFO LOKER MANAGEMENT TRAINEE APRIL 2026.,PT New,Tidak tercantum,Disnakerja - Jobs,https://www.disnakerja.com/jobs/download/,Role match: Management Trainee; Experience match: Entry level (0-2 years); Industry match: Mining; Leadership/Execution fit; Willing to relocate (nationwide),None detected,Gunakan CV: CV_Fahry_Ramadhan.pdf. Highlight operational leadership & D4 Bisnis Internasional Unpad.,"MT_ODP_MATCH, FRESH_GRAD_ACCEPTED, MAJOR_RISK, NATIONWIDE_PLACEMENT, SALARY_MISSING, GPA_NOT_LISTED, DEADLINE_UNKNOWN",60,Success (HTML Fallback),Tidak tercantum,Tidak tercantum,Tidak tercantum,No GPA Listed,No GPA requirement detected,Tidak tercantum,Unknown,Tidak tercantum,Unknown,No deadline detected,Score below 75
40,65,Possible Match,Maybe,Program Magang Kantor Perwakilan Bank Indonesia Provinsi DKI Jakarta Batch I,PT Rumah,Jakarta,LokerBumn - Management Trainee,https://lokerbumn.com/program-magang-kantor-perwakilan-bank-indonesia-provinsi-dki-jakarta-batch-i/22/2026/,Industry match: Banking; Leadership/Execution fit; Education match: D4 Bisnis Internasional Unpad; Willing to relocate (nationwide),None detected,Gunakan CV: CV_Fahry_Ramadhan.pdf. Highlight operational leadership & D4 Bisnis Internasional Unpad.,"NATIONWIDE_PLACEMENT, SALARY_MISSING, GPA_PRIORITY_MATCH, DEADLINE_UNKNOWN",90,Success (HTML Fallback),Tidak tercantum,3.00,0,Priority GPA Match,GPA 3.29 comfortably exceeds 3.00,Tidak tercantum,Unknown,Tidak tercantum,Unknown,No deadline detected,Score below 75
41,60,Possible Match,Maybe,Rekrutmen Adaro Logistics Professional Program (ALPP) 2026,PT Adaro,Jakarta,LokerBumn - Management Trainee,https://lokerbumn.com/rekrutmen-adaro-logistics-professional-program-alpp-2026/11/2026/,Industry match: Logistics; Leadership/Execution fit; Education match: D4 Bisnis Internasional Unpad; Willing to relocate (nationwide),None detected,Gunakan CV: CV_Fahry_Ramadhan.pdf. Highlight operational leadership & D4 Bisnis Internasional Unpad.,"NATIONWIDE_PLACEMENT, SALARY_MISSING, GPA_NOT_LISTED, DEADLINE_UNKNOWN",90,Success (HTML Fallback),Tidak tercantum,Tidak tercantum,Tidak tercantum,No GPA Listed,No GPA requirement detected,Tidak tercantum,Unknown,Tidak tercantum,Unknown,No deadline detected,Score below 75
42,60,Possible Match,Maybe,PT Aisin Indonesia Automotive,PT Aisin,Jakarta,Gokerja - Homepage,https://www.gokerja.id/lowongan-kerja-hari-ini-aisin-indonesia-automotive/,Experience match: Entry level (0-2 years); Industry match: Automotive; Leadership/Execution fit; Education match: D4 Bisnis Internasional Unpad; Willing to relocate (nationwide),None detected,Gunakan CV: CV_Fahry_Ramadhan.pdf. Highlight operational leadership & D4 Bisnis Internasional Unpad.,"FRESH_GRAD_ACCEPTED, NATIONWIDE_PLACEMENT, SALARY_MISSING, GPA_NOT_LISTED, DEADLINE_UNKNOWN",90,Success (HTML Fallback),Tidak tercantum,Tidak tercantum,Tidak tercantum,No GPA Listed,No GPA requirement detected,Tidak tercantum,Unknown,Tidak tercantum,Unknown,No deadline detected,Score below 75
43,60,Possible Match,Maybe,Astra Graduate Program Batch 15 – PT Astra International Tbk,PT Astra,Jakarta,LokerBumn - Management Trainee,https://lokerbumn.com/lowongan-kerja-astra-graduate-program-batch-15-pt-astra-international-tbk/03/2026/,Experience match: Entry level (0-2 years); Industry match: Banking; Leadership/Execution fit; Education match: D4 Bisnis Internasional Unpad; Willing to relocate (nationwide),None detected,Gunakan CV: CV_ID_Fahry_Ramadhan.pdf. Highlight operational leadership & D4 Bisnis Internasional Unpad.,"FRESH_GRAD_ACCEPTED, NATIONWIDE_PLACEMENT, SALARY_MISSING, GPA_NOT_LISTED, DEADLINE_UNKNOWN",90,Success (HTML Fallback),Tidak tercantum,Tidak tercantum,Tidak tercantum,No GPA Listed,No GPA requirement detected,Tidak tercantum,Unknown,Tidak tercantum,Unknown,No deadline detected,Score below 75
44,60,Possible Match,Maybe,Junior Leadership Development Program Batch 62 – Astra Credit Companies (ACC),PT Astra,Jakarta,LokerBumn - Management Trainee,https://lokerbumn.com/junior-leadership-development-program-batch-62-astra-credit-companies-acc/18/2026/,Industry match: Banking; Leadership/Execution fit; Education match: D4 Bisnis Internasional Unpad; Willing to relocate (nationwide),None detected,Gunakan CV: CV_ID_Fahry_Ramadhan.pdf. Highlight operational leadership & D4 Bisnis Internasional Unpad.,"NATIONWIDE_PLACEMENT, SALARY_MISSING, GPA_NOT_LISTED, DEADLINE_UNKNOWN",90,Success (HTML Fallback),Tidak tercantum,Tidak tercantum,Tidak tercantum,No GPA Listed,No GPA requirement detected,Tidak tercantum,Unknown,Tidak tercantum,Unknown,No deadline detected,Score below 75
45,60,Possible Match,Maybe,PT Astra International Tbk – Daihatsu Sales Operation,PT Astra,Jakarta,Gokerja - Homepage,https://www.gokerja.id/lowongan-kerja-pt-astra-international-tbk-daihatsu-sales-operation/,Experience match: Entry level (0-2 years); Industry match: Automotive; Leadership/Execution fit; Education match: D4 Bisnis Internasional Unpad; Willing to relocate (nationwide),None detected,Gunakan CV: CV_ID_Fahry_Ramadhan.pdf. Highlight operational leadership & D4 Bisnis Internasional Unpad.,"FRESH_GRAD_ACCEPTED, NATIONWIDE_PLACEMENT, SALARY_MISSING, GPA_NOT_LISTED, DEADLINE_UNKNOWN",90,Success (HTML Fallback),Tidak tercantum,Tidak tercantum,Tidak tercantum,No GPA Listed,No GPA requirement detected,Tidak tercantum,Unknown,Tidak tercantum,Unknown,No deadline detected,Score below 75
46,60,Possible Match,Maybe,Planter Development Program (PDP) Batch XXII – PT Astra Agro Lestari Tbk,PT Astra,Jakarta,LokerBumn - Management Trainee,https://lokerbumn.com/lowongan-kerja-dari-pt-astra-agro-lestari-tbk/18/2026/,Industry match: Banking; Leadership/Execution fit; Education match: D4 Bisnis Internasional Unpad; Willing to relocate (nationwide),None detected,Gunakan CV: CV_ID_Fahry_Ramadhan.pdf. Highlight operational leadership & D4 Bisnis Internasional Unpad.,"NATIONWIDE_PLACEMENT, SALARY_MISSING, GPA_NOT_LISTED, DEADLINE_UNKNOWN",90,Success (HTML Fallback),Tidak tercantum,Tidak tercantum,Tidak tercantum,No GPA Listed,No GPA requirement detected,Tidak tercantum,Unknown,Tidak tercantum,Unknown,No deadline detected,Score below 75
47,60,Possible Match,Maybe,InJourney Internship Program 2026,PT Aviasi,Jakarta,LokerBumn - Management Trainee,https://lokerbumn.com/injourney-aviation-tourism-internship-program-2026/21/2026/,Experience match: Entry level (0-2 years); Industry match: Banking; Leadership/Execution fit; Education match: D4 Bisnis Internasional Unpad; Willing to relocate (nationwide),None detected,Gunakan CV: CV_Fahry_Ramadhan.pdf. Highlight operational leadership & D4 Bisnis Internasional Unpad.,"FRESH_GRAD_ACCEPTED, NATIONWIDE_PLACEMENT, SALARY_MISSING, GPA_NOT_LISTED, DEADLINE_UNKNOWN",90,Success (HTML Fallback),Tidak tercantum,Tidak tercantum,Tidak tercantum,No GPA Listed,No GPA requirement detected,Tidak tercantum,Unknown,Tidak tercantum,Unknown,No deadline detected,Score below 75
48,60,Possible Match,Maybe,Lowongan kerja PT Aviasi Pariwisata Indonesia (Persero),PT Aviasi,Jakarta,Gokerja - Homepage,https://www.gokerja.id/lowongan-kerja-pt-aviasi-pariwisata-indonesia-persero/,Experience match: Entry level (0-2 years); Industry match: Automotive; Leadership/Execution fit; Education match: D4 Bisnis Internasional Unpad; Willing to relocate (nationwide),None detected,Gunakan CV: CV_Fahry_Ramadhan.pdf. Highlight operational leadership & D4 Bisnis Internasional Unpad.,"FRESH_GRAD_ACCEPTED, NATIONWIDE_PLACEMENT, SALARY_MISSING, GPA_NOT_LISTED, DEADLINE_UNKNOWN",90,Success (HTML Fallback),Tidak tercantum,Tidak tercantum,Tidak tercantum,No GPA Listed,No GPA requirement detected,Tidak tercantum,Unknown,Tidak tercantum,Unknown,No deadline detected,Score below 75
49,60,Possible Match,Maybe,Lowongan Kerja PT Bank Rakyat Indonesia (Persero) Tbk,PT Bank,Jakarta,Gokerja - Management Trainee,https://www.gokerja.id/lowongan-kerja-bumn-pt-bank-rakyat-indonesia-persero-tbk/,Experience match: Entry level (0-2 years); Industry match: Automotive; Leadership/Execution fit; Education match: D4 Bisnis Internasional Unpad; Willing to relocate (nationwide),None detected,Gunakan CV: CV_Fahry_Ramadhan.pdf. Highlight operational leadership & D4 Bisnis Internasional Unpad.,"FRESH_GRAD_ACCEPTED, NATIONWIDE_PLACEMENT, SALARY_MISSING, GPA_NOT_LISTED, DEADLINE_UNKNOWN",90,Success (HTML Fallback),Tidak tercantum,Tidak tercantum,Tidak tercantum,No GPA Listed,No GPA requirement detected,Tidak tercantum,Unknown,Tidak tercantum,Unknown,No deadline detected,Score below 75
50,60,Possible Match,Maybe,Lowongan Magang PT Bank Syariah Indonesia,PT Bank,Jakarta,Gokerja - Management Trainee,https://www.gokerja.id/lowongan-magang-pt-bank-syariah-indonesia/,Experience match: Entry level (0-2 years); Industry match: Automotive; Leadership/Execution fit; Education match: D4 Bisnis Internasional Unpad; Willing to relocate (nationwide),None detected,Gunakan CV: CV_Fahry_Ramadhan.pdf. Highlight operational leadership & D4 Bisnis Internasional Unpad.,"FRESH_GRAD_ACCEPTED, NATIONWIDE_PLACEMENT, SALARY_MISSING, GPA_NOT_LISTED, DEADLINE_UNKNOWN",90,Success (HTML Fallback),Tidak tercantum,Tidak tercantum,Tidak tercantum,No GPA Listed,No GPA requirement detected,Tidak tercantum,Unknown,Tidak tercantum,Unknown,No deadline detected,Score below 75
51,60,Possible Match,Maybe,PT Bank Central Asia Tbk,PT Bank,Jakarta,LokerBumn - Fresh Graduate,https://lokerbumn.com/info-lowongan-kerja-terbaru-dari-pt-bank-central-asia-tbk/21/2026/,Experience match: Entry level (0-2 years); Industry match: Banking; Leadership/Execution fit; Education match: D4 Bisnis Internasional Unpad; Willing to relocate (nationwide),None detected,Gunakan CV: CV_Fahry_Ramadhan.pdf. Highlight operational leadership & D4 Bisnis Internasional Unpad.,"FRESH_GRAD_ACCEPTED, NATIONWIDE_PLACEMENT, SALARY_MISSING, GPA_NOT_LISTED, DEADLINE_UNKNOWN",90,Success (HTML Fallback),Tidak tercantum,Tidak tercantum,Tidak tercantum,No GPA Listed,No GPA requirement detected,Tidak tercantum,Unknown,Tidak tercantum,Unknown,No deadline detected,Score below 75
52,60,Possible Match,Maybe,PT Bank Mega Syariah,PT Bank,Jakarta,LokerBumn - Officer Development Program,https://lokerbumn.com/lowongan-pekerjaan-pt-bank-mega-syariah-terbaru/18/2025/,Experience match: Entry level (0-2 years); Industry match: Banking; Leadership/Execution fit; Education match: D4 Bisnis Internasional Unpad; Willing to relocate (nationwide),None detected,Gunakan CV: CV_Fahry_Ramadhan.pdf. Highlight operational leadership & D4 Bisnis Internasional Unpad.,"FRESH_GRAD_ACCEPTED, NATIONWIDE_PLACEMENT, SALARY_MISSING, GPA_NOT_LISTED, DEADLINE_UNKNOWN",90,Success (HTML Fallback),Tidak tercantum,Tidak tercantum,Tidak tercantum,No GPA Listed,No GPA requirement detected,Tidak tercantum,Unknown,Tidak tercantum,Unknown,No deadline detected,Score below 75
53,60,Possible Match,Maybe,PT Bank Sinarmas Tbk,PT Bank,Jakarta,LokerBumn - Management Trainee,https://lokerbumn.com/lowongan-kerja-dari-pt-bank-sinarmas-tbk/03/2026/,Experience match: Entry level (0-2 years); Industry match: Banking; Leadership/Execution fit; Education match: D4 Bisnis Internasional Unpad; Willing to relocate (nationwide),None detected,Gunakan CV: CV_Fahry_Ramadhan.pdf. Highlight operational leadership & D4 Bisnis Internasional Unpad.,"FRESH_GRAD_ACCEPTED, NATIONWIDE_PLACEMENT, SALARY_MISSING, GPA_NOT_LISTED, DEADLINE_UNKNOWN",90,Success (HTML Fallback),Tidak tercantum,Tidak tercantum,Tidak tercantum,No GPA Listed,No GPA requirement detected,Tidak tercantum,Unknown,Tidak tercantum,Unknown,No deadline detected,Score below 75
54,60,Possible Match,Maybe,PT Bank Tabungan Negara (Persero) Tbk,PT Bank,Jakarta,Gokerja - Management Trainee,https://www.gokerja.id/lowongan-kerja-bank-btn-untuk-berbagai-jurusan/,Experience match: Entry level (0-2 years); Industry match: Automotive; Leadership/Execution fit; Education match: D4 Bisnis Internasional Unpad; Willing to relocate (nationwide),None detected,Gunakan CV: CV_Fahry_Ramadhan.pdf. Highlight operational leadership & D4 Bisnis Internasional Unpad.,"FRESH_GRAD_ACCEPTED, NATIONWIDE_PLACEMENT, SALARY_MISSING, GPA_NOT_LISTED, DEADLINE_UNKNOWN",90,Success (HTML Fallback),Tidak tercantum,Tidak tercantum,Tidak tercantum,No GPA Listed,No GPA requirement detected,Tidak tercantum,Unknown,Tidak tercantum,Unknown,No deadline detected,Score below 75
55,60,Possible Match,Maybe,Program Magang Bakti BCA Customer Service dan Teller,PT Bank,Jakarta,LokerBumn - Management Trainee,https://lokerbumn.com/lowongan-magang-pt-bank-central-asia-tbk-terbaru/20/2026/,Experience match: Entry level (0-2 years); Industry match: Banking; Leadership/Execution fit; Education match: D4 Bisnis Internasional Unpad; Willing to relocate (nationwide),None detected,Gunakan CV: CV_Fahry_Ramadhan.pdf. Highlight operational leadership & D4 Bisnis Internasional Unpad.,"FRESH_GRAD_ACCEPTED, NATIONWIDE_PLACEMENT, SALARY_MISSING, GPA_NOT_LISTED, DEADLINE_UNKNOWN",90,Success (HTML Fallback),Tidak tercantum,Tidak tercantum,Tidak tercantum,No GPA Listed,No GPA requirement detected,Tidak tercantum,Unknown,Tidak tercantum,Unknown,No deadline detected,Score below 75
56,60,Possible Match,Maybe,Rekrutmen BRILiaN Future Leader Program Specialist 2026 Wave 2,PT Bank,Jakarta,LokerBumn - Management Trainee,https://lokerbumn.com/rekrutmen-brilian-future-leader-program-specialist-2026-wave-2/18/2026/,Industry match: Banking; Leadership/Execution fit; Education match: D4 Bisnis Internasional Unpad; Willing to relocate (nationwide),None detected,Gunakan CV: CV_Fahry_Ramadhan.pdf. Highlight operational leadership & D4 Bisnis Internasional Unpad.,"NATIONWIDE_PLACEMENT, SALARY_MISSING, GPA_NOT_LISTED, DEADLINE_UNKNOWN",90,Success (HTML Fallback),Tidak tercantum,Tidak tercantum,Tidak tercantum,No GPA Listed,No GPA requirement detected,Tidak tercantum,Unknown,Tidak tercantum,Unknown,No deadline detected,Score below 75
57,60,Possible Match,Maybe,Rekrutmen BiBiT BSI (Program Pemagangan Terstruktur) 2026,PT Bank,Jakarta,LokerBumn - Management Trainee,https://lokerbumn.com/rekrutmen-bibit-bsi-program-pemagangan-terstruktur-2026/18/2026/,Industry match: Banking; Leadership/Execution fit; Education match: D4 Bisnis Internasional Unpad; Willing to relocate (nationwide),None detected,Gunakan CV: CV_Fahry_Ramadhan.pdf. Highlight operational leadership & D4 Bisnis Internasional Unpad.,"NATIONWIDE_PLACEMENT, SALARY_MISSING, GPA_NOT_LISTED, DEADLINE_UNKNOWN",90,Success (HTML Fallback),Tidak tercantum,Tidak tercantum,Tidak tercantum,No GPA Listed,No GPA requirement detected,Tidak tercantum,Unknown,Tidak tercantum,Unknown,No deadline detected,Score below 75
58,60,Possible Match,Maybe,PT Bintang Toedjoe (a Kalbe Company),PT Bintang,Jakarta,LokerBumn - Officer Development Program,https://lokerbumn.com/lowongan-di-pt-bintang-toedjoe-a-kalbe-company/19/2025/,Experience match: Entry level (0-2 years); Industry match: Banking; Leadership/Execution fit; Education match: D4 Bisnis Internasional Unpad; Willing to relocate (nationwide),None detected,Gunakan CV: CV_Fahry_Ramadhan.pdf. Highlight operational leadership & D4 Bisnis Internasional Unpad.,"FRESH_GRAD_ACCEPTED, NATIONWIDE_PLACEMENT, SALARY_MISSING, GPA_NOT_LISTED, DEADLINE_UNKNOWN",90,Success (HTML Fallback),Tidak tercantum,Tidak tercantum,Tidak tercantum,No GPA Listed,No GPA requirement detected,Tidak tercantum,Unknown,Tidak tercantum,Unknown,No deadline detected,Score below 75
59,60,Possible Match,Maybe,PT Bridgestone Tire Indonesia,PT Bridgestone,Jakarta,LokerBumn - Officer Development Program,https://lokerbumn.com/lowongan-pekerjaan-pt-bridgestone-tire-indonesia-terbaru/20/2025/,Experience match: Entry level (0-2 years); Industry match: Banking; Leadership/Execution fit; Education match: D4 Bisnis Internasional Unpad; Willing to relocate (nationwide),None detected,Gunakan CV: CV_Fahry_Ramadhan.pdf. Highlight operational leadership & D4 Bisnis Internasional Unpad.,"FRESH_GRAD_ACCEPTED, NATIONWIDE_PLACEMENT, SALARY_MISSING, GPA_NOT_LISTED, DEADLINE_UNKNOWN",90,Success (HTML Fallback),Tidak tercantum,Tidak tercantum,Tidak tercantum,No GPA Listed,No GPA requirement detected,Tidak tercantum,Unknown,Tidak tercantum,Unknown,No deadline detected,Score below 75
60,60,Possible Match,Maybe,PT Bridgestone Tire Indonesia,PT Bridgestone,Jakarta,LokerBumn - Fresh Graduate,https://lokerbumn.com/lowongan-pekerjaan-pt-bridgestone-tire-indonesia/19/2025/,Experience match: Entry level (0-2 years); Industry match: Banking; Leadership/Execution fit; Education match: D4 Bisnis Internasional Unpad; Willing to relocate (nationwide),None detected,Gunakan CV: CV_Fahry_Ramadhan.pdf. Highlight operational leadership & D4 Bisnis Internasional Unpad.,"FRESH_GRAD_ACCEPTED, NATIONWIDE_PLACEMENT, SALARY_MISSING, GPA_NOT_LISTED, DEADLINE_UNKNOWN",90,Success (HTML Fallback),Tidak tercantum,Tidak tercantum,Tidak tercantum,No GPA Listed,No GPA requirement detected,Tidak tercantum,Unknown,Tidak tercantum,Unknown,No deadline detected,Score below 75
61,60,Possible Match,Maybe,PT Cisarua Mountain Dairy Tbk,PT Cisarua,Jakarta,LokerBumn - Officer Development Program,https://lokerbumn.com/lowongan-terbaru-pt-cisarua-mountain-dairy-tbk-new/19/2025/,Experience match: Entry level (0-2 years); Industry match: Banking; Leadership/Execution fit; Education match: D4 Bisnis Internasional Unpad; Willing to relocate (nationwide),None detected,Gunakan CV: CV_Fahry_Ramadhan.pdf. Highlight operational leadership & D4 Bisnis Internasional Unpad.,"FRESH_GRAD_ACCEPTED, NATIONWIDE_PLACEMENT, SALARY_MISSING, GPA_NOT_LISTED, DEADLINE_UNKNOWN",90,Success (HTML Fallback),Tidak tercantum,Tidak tercantum,Tidak tercantum,No GPA Listed,No GPA requirement detected,Tidak tercantum,Unknown,Tidak tercantum,Unknown,No deadline detected,Score below 75
62,60,Possible Match,Maybe,PT Dewa UTD Indonesia (Dewa United FC),PT Dewa,Jakarta,LokerBumn - Fresh Graduate,https://lokerbumn.com/rekrutmen-pt-dewa-utd-indonesia-dewa-united-fc/18/2025/,Experience match: Entry level (0-2 years); Industry match: Banking; Leadership/Execution fit; Education match: D4 Bisnis Internasional Unpad; Willing to relocate (nationwide),None detected,Gunakan CV: CV_Fahry_Ramadhan.pdf. Highlight operational leadership & D4 Bisnis Internasional Unpad.,"FRESH_GRAD_ACCEPTED, NATIONWIDE_PLACEMENT, SALARY_MISSING, GPA_NOT_LISTED, DEADLINE_UNKNOWN",90,Success (HTML Fallback),Tidak tercantum,Tidak tercantum,Tidak tercantum,No GPA Listed,No GPA requirement detected,Tidak tercantum,Unknown,Tidak tercantum,Unknown,No deadline detected,Score below 75
63,60,Possible Match,Maybe,Lowongan Kerja PT Dharma Polimetal Tbk,PT Dharma,Jakarta,Gokerja - Management Trainee,https://www.gokerja.id/lowongan-kerja-pt-dharma-polimetal-tbk/,Experience match: Entry level (0-2 years); Industry match: Automotive; Leadership/Execution fit; Education match: D4 Bisnis Internasional Unpad; Willing to relocate (nationwide),None detected,Gunakan CV: CV_Fahry_Ramadhan.pdf. Highlight operational leadership & D4 Bisnis Internasional Unpad.,"FRESH_GRAD_ACCEPTED, NATIONWIDE_PLACEMENT, SALARY_MISSING, GPA_NOT_LISTED, DEADLINE_UNKNOWN",90,Success (HTML Fallback),Tidak tercantum,Tidak tercantum,Tidak tercantum,No GPA Listed,No GPA requirement detected,Tidak tercantum,Unknown,Tidak tercantum,Unknown,No deadline detected,Score below 75
64,60,Possible Match,Maybe,PT Ecogreen Oleochemicals,PT Ecogreen,Jakarta,LokerBumn - Fresh Graduate,https://lokerbumn.com/info-pekerjaan-pt-ecogreen-oleochemicals-new/06/2025/,Experience match: Entry level (0-2 years); Industry match: Banking; Leadership/Execution fit; Education match: D4 Bisnis Internasional Unpad; Willing to relocate (nationwide),None detected,Gunakan CV: CV_Fahry_Ramadhan.pdf. Highlight operational leadership & D4 Bisnis Internasional Unpad.,"FRESH_GRAD_ACCEPTED, NATIONWIDE_PLACEMENT, SALARY_MISSING, GPA_NOT_LISTED, DEADLINE_UNKNOWN",90,Success (HTML Fallback),Tidak tercantum,Tidak tercantum,Tidak tercantum,No GPA Listed,No GPA requirement detected,Tidak tercantum,Unknown,Tidak tercantum,Unknown,No deadline detected,Score below 75
65,60,Possible Match,Maybe,PT Eigerindo Multi Produk Industri,PT Eigerindo,Jakarta,Gokerja - Homepage,https://www.gokerja.id/lowongan-magang-pt-eigerindo-multi-produk-industri/,Experience match: Entry level (0-2 years); Industry match: Automotive; Leadership/Execution fit; Education match: D4 Bisnis Internasional Unpad; Willing to relocate (nationwide),None detected,Gunakan CV: CV_Fahry_Ramadhan.pdf. Highlight operational leadership & D4 Bisnis Internasional Unpad.,"FRESH_GRAD_ACCEPTED, NATIONWIDE_PLACEMENT, SALARY_MISSING, GPA_NOT_LISTED, DEADLINE_UNKNOWN",90,Success (HTML Fallback),Tidak tercantum,Tidak tercantum,Tidak tercantum,No GPA Listed,No GPA requirement detected,Tidak tercantum,Unknown,Tidak tercantum,Unknown,No deadline detected,Score below 75
66,60,Possible Match,Maybe,PT Garena Indonesia,PT Garena,Jakarta,LokerBumn - Officer Development Program,https://lokerbumn.com/info-rekrutmen-pt-garena-indonesia/19/2025/,Experience match: Entry level (0-2 years); Industry match: Banking; Leadership/Execution fit; Education match: D4 Bisnis Internasional Unpad; Willing to relocate (nationwide),None detected,Gunakan CV: CV_Fahry_Ramadhan.pdf. Highlight operational leadership & D4 Bisnis Internasional Unpad.,"FRESH_GRAD_ACCEPTED, NATIONWIDE_PLACEMENT, SALARY_MISSING, GPA_NOT_LISTED, DEADLINE_UNKNOWN",90,Success (HTML Fallback),Tidak tercantum,Tidak tercantum,Tidak tercantum,No GPA Listed,No GPA requirement detected,Tidak tercantum,Unknown,Tidak tercantum,Unknown,No deadline detected,Score below 75
67,60,Possible Match,Maybe,Lowongan kerja PT Geo Dipa Energi (Persero),PT Geo,Jakarta,Gokerja - Homepage,https://www.gokerja.id/lowongan-kerja-pt-geo-dipa-energi-persero/,Experience match: Entry level (0-2 years); Industry match: Automotive; Leadership/Execution fit; Education match: D4 Bisnis Internasional Unpad; Willing to relocate (nationwide),None detected,Gunakan CV: CV_Fahry_Ramadhan.pdf. Highlight operational leadership & D4 Bisnis Internasional Unpad.,"FRESH_GRAD_ACCEPTED, NATIONWIDE_PLACEMENT, SALARY_MISSING, GPA_NOT_LISTED, DEADLINE_UNKNOWN",90,Success (HTML Fallback),Tidak tercantum,Tidak tercantum,Tidak tercantum,No GPA Listed,No GPA requirement detected,Tidak tercantum,Unknown,Tidak tercantum,Unknown,No deadline detected,Score below 75
68,60,Possible Match,Maybe,Lowongan Kerja PT Global Jet Express (J&T Express),PT Global,Jakarta,Gokerja - Management Trainee,https://www.gokerja.id/lowongan-kerja-pt-global-jet-express-jt-express-jawa-timur/,Experience match: Entry level (0-2 years); Industry match: Automotive; Leadership/Execution fit; Education match: D4 Bisnis Internasional Unpad; Willing to relocate (nationwide),None detected,Gunakan CV: CV_Fahry_Ramadhan.pdf. Highlight operational leadership & D4 Bisnis Internasional Unpad.,"FRESH_GRAD_ACCEPTED, NATIONWIDE_PLACEMENT, SALARY_MISSING, GPA_NOT_LISTED, DEADLINE_UNKNOWN",90,Success (HTML Fallback),Tidak tercantum,Tidak tercantum,Tidak tercantum,No GPA Listed,No GPA requirement detected,Tidak tercantum,Unknown,Tidak tercantum,Unknown,No deadline detected,Score below 75
69,60,Possible Match,Maybe,PT Hartono Plantation Indonesia (HPI Agro),PT Hartono,Jakarta,LokerBumn - Fresh Graduate,https://lokerbumn.com/lowongan-kerja-pt-hartono-plantation-indonesia-hpi-agro-2/16/2025/,Experience match: Entry level (0-2 years); Industry match: Banking; Leadership/Execution fit; Education match: D4 Bisnis Internasional Unpad; Willing to relocate (nationwide),None detected,Gunakan CV: CV_Fahry_Ramadhan.pdf. Highlight operational leadership & D4 Bisnis Internasional Unpad.,"FRESH_GRAD_ACCEPTED, NATIONWIDE_PLACEMENT, SALARY_MISSING, GPA_NOT_LISTED, DEADLINE_UNKNOWN",90,Success (HTML Fallback),Tidak tercantum,Tidak tercantum,Tidak tercantum,No GPA Listed,No GPA requirement detected,Tidak tercantum,Unknown,Tidak tercantum,Unknown,No deadline detected,Score below 75
70,60,Possible Match,Maybe,PT Hexpharm Jaya Laboratories (A Kalbe Company),PT Hexpharm,Jakarta,LokerBumn - Management Trainee,https://lokerbumn.com/pt-hexpharm-jaya-laboratories-a-kalbe-company/19/2026/,Industry match: Banking; Leadership/Execution fit; Education match: D4 Bisnis Internasional Unpad; Willing to relocate (nationwide),None detected,Gunakan CV: CV_Fahry_Ramadhan.pdf. Highlight operational leadership & D4 Bisnis Internasional Unpad.,"NATIONWIDE_PLACEMENT, SALARY_MISSING, GPA_NOT_LISTED, DEADLINE_UNKNOWN",90,Success (HTML Fallback),Tidak tercantum,Tidak tercantum,Tidak tercantum,No GPA Listed,No GPA requirement detected,Tidak tercantum,Unknown,Tidak tercantum,Unknown,No deadline detected,Score below 75
71,60,Possible Match,Maybe,PT Hyundai Motor Manufacturing Indonesia,PT Hyundai,Jakarta,LokerBumn - Fresh Graduate,https://lokerbumn.com/rekrutmen-di-pt-hyundai-motor-manufacturing-indonesia/21/2025/,Experience match: Entry level (0-2 years); Industry match: Manufacturing; Leadership/Execution fit; Education match: D4 Bisnis Internasional Unpad; Willing to relocate (nationwide),None detected,Gunakan CV: CV_Fahry_Ramadhan.pdf. Highlight operational leadership & D4 Bisnis Internasional Unpad.,"FRESH_GRAD_ACCEPTED, NATIONWIDE_PLACEMENT, SALARY_MISSING, GPA_NOT_LISTED, DEADLINE_UNKNOWN",90,Success (HTML Fallback),Tidak tercantum,Tidak tercantum,Tidak tercantum,No GPA Listed,No GPA requirement detected,Tidak tercantum,Unknown,Tidak tercantum,Unknown,No deadline detected,Score below 75
72,60,Possible Match,Maybe,PT Indomarco Prismatama (Indomaret Group),PT Indomarco,Jakarta,LokerBumn - Officer Development Program,https://lokerbumn.com/rekrutmen-di-pt-indomarco-prismatama-indomaret-group/08/2025/,Experience match: Entry level (0-2 years); Industry match: Banking; Leadership/Execution fit; Education match: D4 Bisnis Internasional Unpad; Willing to relocate (nationwide),None detected,Gunakan CV: CV_Fahry_Ramadhan.pdf. Highlight operational leadership & D4 Bisnis Internasional Unpad.,"FRESH_GRAD_ACCEPTED, NATIONWIDE_PLACEMENT, SALARY_MISSING, GPA_NOT_LISTED, DEADLINE_UNKNOWN",90,Success (HTML Fallback),Tidak tercantum,Tidak tercantum,Tidak tercantum,No GPA Listed,No GPA requirement detected,Tidak tercantum,Unknown,Tidak tercantum,Unknown,No deadline detected,Score below 75
73,60,Possible Match,Maybe,PT Indomarco Prismatama (Indomaret Group),PT Indomarco,Jakarta,LokerBumn - Officer Development Program,https://lokerbumn.com/lowongan-sdp-pt-indomarco-prismatama-indomaret-group/21/2025/,Experience match: Entry level (0-2 years); Industry match: Banking; Leadership/Execution fit; Education match: D4 Bisnis Internasional Unpad; Willing to relocate (nationwide),None detected,Gunakan CV: CV_Fahry_Ramadhan.pdf. Highlight operational leadership & D4 Bisnis Internasional Unpad.,"FRESH_GRAD_ACCEPTED, NATIONWIDE_PLACEMENT, SALARY_MISSING, GPA_NOT_LISTED, DEADLINE_UNKNOWN",90,Success (HTML Fallback),Tidak tercantum,Tidak tercantum,Tidak tercantum,No GPA Listed,No GPA requirement detected,Tidak tercantum,Unknown,Tidak tercantum,Unknown,No deadline detected,Score below 75
74,60,Possible Match,Maybe,PT Kalbe Farma Tbk,PT Kalbe,Jakarta,LokerBumn - Officer Development Program,https://lokerbumn.com/info-rekrutmen-pt-kalbe-farma-tbk/22/2025/,Experience match: Entry level (0-2 years); Industry match: Banking; Leadership/Execution fit; Education match: D4 Bisnis Internasional Unpad; Willing to relocate (nationwide),None detected,Gunakan CV: CV_Fahry_Ramadhan.pdf. Highlight operational leadership & D4 Bisnis Internasional Unpad.,"FRESH_GRAD_ACCEPTED, NATIONWIDE_PLACEMENT, SALARY_MISSING, GPA_NOT_LISTED, DEADLINE_UNKNOWN",90,Success (HTML Fallback),Tidak tercantum,Tidak tercantum,Tidak tercantum,No GPA Listed,No GPA requirement detected,Tidak tercantum,Unknown,Tidak tercantum,Unknown,No deadline detected,Score below 75
75,60,Possible Match,Maybe,PT Kalbe Farma Tbk,PT Kalbe,Jakarta,LokerBumn - Officer Development Program,https://lokerbumn.com/lowongan-pt-kalbe-farma-tbk-terbaru/18/2025/,Experience match: Entry level (0-2 years); Industry match: Banking; Leadership/Execution fit; Education match: D4 Bisnis Internasional Unpad; Willing to relocate (nationwide),None detected,Gunakan CV: CV_Fahry_Ramadhan.pdf. Highlight operational leadership & D4 Bisnis Internasional Unpad.,"FRESH_GRAD_ACCEPTED, NATIONWIDE_PLACEMENT, SALARY_MISSING, GPA_NOT_LISTED, DEADLINE_UNKNOWN",90,Success (HTML Fallback),Tidak tercantum,Tidak tercantum,Tidak tercantum,No GPA Listed,No GPA requirement detected,Tidak tercantum,Unknown,Tidak tercantum,Unknown,No deadline detected,Score below 75
76,60,Possible Match,Maybe,PT Kawasaki Motor Indonesia,PT Kawasaki,Jakarta,LokerBumn - Fresh Graduate,https://lokerbumn.com/lowongan-pt-kawasaki-motor-indonesia/15/2025/,Experience match: Entry level (0-2 years); Industry match: Banking; Leadership/Execution fit; Education match: D4 Bisnis Internasional Unpad; Willing to relocate (nationwide),None detected,Gunakan CV: CV_Fahry_Ramadhan.pdf. Highlight operational leadership & D4 Bisnis Internasional Unpad.,"FRESH_GRAD_ACCEPTED, NATIONWIDE_PLACEMENT, SALARY_MISSING, GPA_NOT_LISTED, DEADLINE_UNKNOWN",90,Success (HTML Fallback),Tidak tercantum,Tidak tercantum,Tidak tercantum,No GPA Listed,No GPA requirement detected,Tidak tercantum,Unknown,Tidak tercantum,Unknown,No deadline detected,Score below 75
77,60,Possible Match,Maybe,Rekrutmen PKWT Petugas Penjaga Pintu Perlintasan KAI Properti,PT Kereta,Jakarta,LokerBumn - Management Trainee,https://lokerbumn.com/rekrutmen-pkwt-petugas-penjaga-pintu-perlintasan-kai-properti/17/2026/,Industry match: Banking; Leadership/Execution fit; Education match: D4 Bisnis Internasional Unpad; Willing to relocate (nationwide),None detected,Gunakan CV: CV_Fahry_Ramadhan.pdf. Highlight operational leadership & D4 Bisnis Internasional Unpad.,"NATIONWIDE_PLACEMENT, SALARY_MISSING, GPA_NOT_LISTED, DEADLINE_UNKNOWN",90,Success (HTML Fallback),Tidak tercantum,Tidak tercantum,Tidak tercantum,No GPA Listed,No GPA requirement detected,Tidak tercantum,Unknown,Tidak tercantum,Unknown,No deadline detected,Score below 75
78,60,Possible Match,Maybe,Lowongan Kerja PT Korea Tomorrow & Global TSPM,PT Korea,Jakarta,Gokerja - Homepage,https://www.gokerja.id/lowongan-kerja-pt-korea-tomorrow-global-tspm/,Experience match: Entry level (0-2 years); Industry match: Automotive; Leadership/Execution fit; Education match: D4 Bisnis Internasional Unpad; Willing to relocate (nationwide),None detected,Gunakan CV: CV_Fahry_Ramadhan.pdf. Highlight operational leadership & D4 Bisnis Internasional Unpad.,"FRESH_GRAD_ACCEPTED, NATIONWIDE_PLACEMENT, SALARY_MISSING, GPA_NOT_LISTED, DEADLINE_UNKNOWN",90,Success (HTML Fallback),Tidak tercantum,Tidak tercantum,Tidak tercantum,No GPA Listed,No GPA requirement detected,Tidak tercantum,Unknown,Tidak tercantum,Unknown,No deadline detected,Score below 75
79,60,Possible Match,Maybe,PT Lippo Karawaci Tbk (LippoLand),PT Lippo,Jakarta,LokerBumn - Officer Development Program,https://lokerbumn.com/lowongan-kerja-pt-lippo-karawaci-tbk/21/2026/,Experience match: Entry level (0-2 years); Industry match: Banking; Leadership/Execution fit; Education match: D4 Bisnis Internasional Unpad; Willing to relocate (nationwide),None detected,Gunakan CV: CV_Fahry_Ramadhan.pdf. Highlight operational leadership & D4 Bisnis Internasional Unpad.,"FRESH_GRAD_ACCEPTED, NATIONWIDE_PLACEMENT, SALARY_MISSING, GPA_NOT_LISTED, DEADLINE_UNKNOWN",90,Success (HTML Fallback),Tidak tercantum,Tidak tercantum,Tidak tercantum,No GPA Listed,No GPA requirement detected,Tidak tercantum,Unknown,Tidak tercantum,Unknown,No deadline detected,Score below 75
80,60,Possible Match,Maybe,PT Macrosentra Niagaboga (Cimory Group),PT Macrosentra,Jakarta,LokerBumn - Officer Development Program,https://lokerbumn.com/lowongan-pt-macrosentra-niagaboga/18/2025/,Experience match: Entry level (0-2 years); Industry match: Banking; Leadership/Execution fit; Education match: D4 Bisnis Internasional Unpad; Willing to relocate (nationwide),None detected,Gunakan CV: CV_Fahry_Ramadhan.pdf. Highlight operational leadership & D4 Bisnis Internasional Unpad.,"FRESH_GRAD_ACCEPTED, NATIONWIDE_PLACEMENT, SALARY_MISSING, GPA_NOT_LISTED, DEADLINE_UNKNOWN",90,Success (HTML Fallback),Tidak tercantum,Tidak tercantum,Tidak tercantum,No GPA Listed,No GPA requirement detected,Tidak tercantum,Unknown,Tidak tercantum,Unknown,No deadline detected,Score below 75
81,60,Possible Match,Maybe,PT Malindo Feedmill Tbk,PT Malindo,Jakarta,LokerBumn - Fresh Graduate,https://lokerbumn.com/lowongan-pekerjaan-pt-malindo-feedmill-tbk-new/08/2025/,Experience match: Entry level (0-2 years); Industry match: Banking; Leadership/Execution fit; Education match: D4 Bisnis Internasional Unpad; Willing to relocate (nationwide),None detected,Gunakan CV: CV_Fahry_Ramadhan.pdf. Highlight operational leadership & D4 Bisnis Internasional Unpad.,"FRESH_GRAD_ACCEPTED, NATIONWIDE_PLACEMENT, SALARY_MISSING, GPA_NOT_LISTED, DEADLINE_UNKNOWN",90,Success (HTML Fallback),Tidak tercantum,Tidak tercantum,Tidak tercantum,No GPA Listed,No GPA requirement detected,Tidak tercantum,Unknown,Tidak tercantum,Unknown,No deadline detected,Score below 75
82,60,Possible Match,Maybe,PT Matahari Putra Prima Tbk,PT Matahari,Jakarta,LokerBumn - Officer Development Program,https://lokerbumn.com/lowongan-kerja-pt-matahari-putra-prima-tbk/08/2025/,Experience match: Entry level (0-2 years); Industry match: Banking; Leadership/Execution fit; Education match: D4 Bisnis Internasional Unpad; Willing to relocate (nationwide),None detected,Gunakan CV: CV_Fahry_Ramadhan.pdf. Highlight operational leadership & D4 Bisnis Internasional Unpad.,"FRESH_GRAD_ACCEPTED, NATIONWIDE_PLACEMENT, SALARY_MISSING, GPA_NOT_LISTED, DEADLINE_UNKNOWN",90,Success (HTML Fallback),Tidak tercantum,Tidak tercantum,Tidak tercantum,No GPA Listed,No GPA requirement detected,Tidak tercantum,Unknown,Tidak tercantum,Unknown,No deadline detected,Score below 75
83,60,Possible Match,Maybe,PT Mayora Indah Tbk,PT Mayora,Jakarta,LokerBumn - Officer Development Program,https://lokerbumn.com/lowongan-mdp-pt-mayora-indah-tbk-terbaru/07/2025/,Experience match: Entry level (0-2 years); Industry match: Banking; Leadership/Execution fit; Education match: D4 Bisnis Internasional Unpad; Willing to relocate (nationwide),None detected,Gunakan CV: CV_Fahry_Ramadhan.pdf. Highlight operational leadership & D4 Bisnis Internasional Unpad.,"FRESH_GRAD_ACCEPTED, NATIONWIDE_PLACEMENT, SALARY_MISSING, GPA_NOT_LISTED, DEADLINE_UNKNOWN",90,Success (HTML Fallback),Tidak tercantum,Tidak tercantum,Tidak tercantum,No GPA Listed,No GPA requirement detected,Tidak tercantum,Unknown,Tidak tercantum,Unknown,No deadline detected,Score below 75
84,60,Possible Match,Maybe,PT Mayora Indah Tbk,PT Mayora,Jakarta,LokerBumn - Fresh Graduate,https://lokerbumn.com/lowongan-magang-pt-mayora-indah-tbk-terbaru/18/2025/,Experience match: Entry level (0-2 years); Industry match: Banking; Leadership/Execution fit; Education match: D4 Bisnis Internasional Unpad; Willing to relocate (nationwide),None detected,Gunakan CV: CV_Fahry_Ramadhan.pdf. Highlight operational leadership & D4 Bisnis Internasional Unpad.,"FRESH_GRAD_ACCEPTED, NATIONWIDE_PLACEMENT, SALARY_MISSING, GPA_NOT_LISTED, DEADLINE_UNKNOWN",90,Success (HTML Fallback),Tidak tercantum,Tidak tercantum,Tidak tercantum,No GPA Listed,No GPA requirement detected,Tidak tercantum,Unknown,Tidak tercantum,Unknown,No deadline detected,Score below 75
85,60,Possible Match,Maybe,PT Mayora Indah Tbk,PT Mayora,Jakarta,Gokerja - Management Trainee,https://www.gokerja.id/lowongan-kerja-terbaru-hari-ini-dari-pt-mayora-indah-tbk/,Experience match: Entry level (0-2 years); Industry match: Automotive; Leadership/Execution fit; Education match: D4 Bisnis Internasional Unpad; Willing to relocate (nationwide),None detected,Gunakan CV: CV_Fahry_Ramadhan.pdf. Highlight operational leadership & D4 Bisnis Internasional Unpad.,"FRESH_GRAD_ACCEPTED, NATIONWIDE_PLACEMENT, SALARY_MISSING, GPA_NOT_LISTED, DEADLINE_UNKNOWN",90,Success (HTML Fallback),Tidak tercantum,Tidak tercantum,Tidak tercantum,No GPA Listed,No GPA requirement detected,Tidak tercantum,Unknown,Tidak tercantum,Unknown,No deadline detected,Score below 75
86,60,Possible Match,Maybe,PT Media Televisi Indonesia (METRO TV),PT Media,Jakarta,LokerBumn - Officer Development Program,https://lokerbumn.com/info-loker-pt-media-televisi-indonesia-metro-tv/08/2025/,Experience match: Entry level (0-2 years); Industry match: Banking; Leadership/Execution fit; Education match: D4 Bisnis Internasional Unpad; Willing to relocate (nationwide),None detected,Gunakan CV: CV_Fahry_Ramadhan.pdf. Highlight operational leadership & D4 Bisnis Internasional Unpad.,"FRESH_GRAD_ACCEPTED, NATIONWIDE_PLACEMENT, SALARY_MISSING, GPA_NOT_LISTED, DEADLINE_UNKNOWN",90,Success (HTML Fallback),Tidak tercantum,Tidak tercantum,Tidak tercantum,No GPA Listed,No GPA requirement detected,Tidak tercantum,Unknown,Tidak tercantum,Unknown,No deadline detected,Score below 75
87,60,Possible Match,Maybe,PT Mentari Mas Multimoda (Temas Group),PT Mentari,Jakarta,LokerBumn - Officer Development Program,https://lokerbumn.com/info-loker-pt-mentari-mas-multimoda-temas-group/09/2025/,Experience match: Entry level (0-2 years); Industry match: Banking; Leadership/Execution fit; Education match: D4 Bisnis Internasional Unpad; Willing to relocate (nationwide),None detected,Gunakan CV: CV_Fahry_Ramadhan.pdf. Highlight operational leadership & D4 Bisnis Internasional Unpad.,"FRESH_GRAD_ACCEPTED, NATIONWIDE_PLACEMENT, SALARY_MISSING, GPA_NOT_LISTED, DEADLINE_UNKNOWN",90,Success (HTML Fallback),Tidak tercantum,Tidak tercantum,Tidak tercantum,No GPA Listed,No GPA requirement detected,Tidak tercantum,Unknown,Tidak tercantum,Unknown,No deadline detected,Score below 75
88,60,Possible Match,Maybe,Lowongan Magang PT Mitra Adiperkasa Tbk (Map Fashion),PT Mitra,Jakarta,Gokerja - Homepage,https://www.gokerja.id/lowongan-magang-pt-mitra-adiperkasa-tbk-map-fashion/,Experience match: Entry level (0-2 years); Industry match: Automotive; Leadership/Execution fit; Education match: D4 Bisnis Internasional Unpad; Willing to relocate (nationwide),None detected,Gunakan CV: CV_Fahry_Ramadhan.pdf. Highlight operational leadership & D4 Bisnis Internasional Unpad.,"FRESH_GRAD_ACCEPTED, NATIONWIDE_PLACEMENT, SALARY_MISSING, GPA_NOT_LISTED, DEADLINE_UNKNOWN",90,Success (HTML Fallback),Tidak tercantum,Tidak tercantum,Tidak tercantum,No GPA Listed,No GPA requirement detected,Tidak tercantum,Unknown,Tidak tercantum,Unknown,No deadline detected,Score below 75
89,60,Possible Match,Maybe,PT New Ratna Motor (Nasmoco Group),PT New,Jakarta,LokerBumn - Officer Development Program,https://lokerbumn.com/info-rekrutmen-pt-new-ratna-motor/23/2025/,Experience match: Entry level (0-2 years); Industry match: Banking; Leadership/Execution fit; Education match: D4 Bisnis Internasional Unpad; Willing to relocate (nationwide),None detected,Gunakan CV: CV_Fahry_Ramadhan.pdf. Highlight operational leadership & D4 Bisnis Internasional Unpad.,"FRESH_GRAD_ACCEPTED, NATIONWIDE_PLACEMENT, SALARY_MISSING, GPA_NOT_LISTED, DEADLINE_UNKNOWN",90,Success (HTML Fallback),Tidak tercantum,Tidak tercantum,Tidak tercantum,No GPA Listed,No GPA requirement detected,Tidak tercantum,Unknown,Tidak tercantum,Unknown,No deadline detected,Score below 75
90,60,Possible Match,Maybe,Lowongan Kerja Fresh Graduate PT Pamapersada Nusantara,PT Pamapersada,Jakarta,Gokerja - Fresh Graduate,https://www.gokerja.id/lowongan-kerja-fresh-graduate-pt-pamapersada-nusantara/,Experience match: Entry level (0-2 years); Industry match: Automotive; Leadership/Execution fit; Education match: D4 Bisnis Internasional Unpad; Willing to relocate (nationwide),None detected,Gunakan CV: CV_ID_Fahry_Ramadhan.pdf. Highlight operational leadership & D4 Bisnis Internasional Unpad.,"FRESH_GRAD_ACCEPTED, NATIONWIDE_PLACEMENT, SALARY_MISSING, GPA_NOT_LISTED, DEADLINE_UNKNOWN",90,Success (HTML Fallback),Tidak tercantum,Tidak tercantum,Tidak tercantum,No GPA Listed,No GPA requirement detected,Tidak tercantum,Unknown,Tidak tercantum,Unknown,No deadline detected,Score below 75
91,60,Possible Match,Maybe,PT Pamapersada Nusantara (PAMA),PT Pamapersada,Jakarta,LokerBumn - Management Trainee,https://lokerbumn.com/lowongan-pekerjaan-pt-pamapersada-nusantara-pama-terbaru/19/2026/,Experience match: Entry level (0-2 years); Industry match: Banking; Leadership/Execution fit; Education match: D4 Bisnis Internasional Unpad; Willing to relocate (nationwide),None detected,Gunakan CV: CV_ID_Fahry_Ramadhan.pdf. Highlight operational leadership & D4 Bisnis Internasional Unpad.,"FRESH_GRAD_ACCEPTED, NATIONWIDE_PLACEMENT, SALARY_MISSING, GPA_NOT_LISTED, DEADLINE_UNKNOWN",90,Success (HTML Fallback),Tidak tercantum,Tidak tercantum,Tidak tercantum,No GPA Listed,No GPA requirement detected,Tidak tercantum,Unknown,Tidak tercantum,Unknown,No deadline detected,Score below 75
92,60,Possible Match,Maybe,Shopfloor Leader Development Program 2026 – PT Prakarsa Alam Segar,PT Prakarsa,Jakarta,LokerBumn - Management Trainee,https://lokerbumn.com/lowongan-kerja-dari-pt-prakarsa-alam-segar/20/2026/,Industry match: Banking; Leadership/Execution fit; Education match: D4 Bisnis Internasional Unpad; Willing to relocate (nationwide),None detected,Gunakan CV: CV_Fahry_Ramadhan.pdf. Highlight operational leadership & D4 Bisnis Internasional Unpad.,"NATIONWIDE_PLACEMENT, SALARY_MISSING, GPA_NOT_LISTED, DEADLINE_UNKNOWN",90,Success (HTML Fallback),Tidak tercantum,Tidak tercantum,Tidak tercantum,No GPA Listed,No GPA requirement detected,Tidak tercantum,Unknown,Tidak tercantum,Unknown,No deadline detected,Score below 75
93,60,Possible Match,Maybe,Lowongan Kerja PT Pulau Sambu (Sambu Group),PT Pulau,Jakarta,Gokerja - Management Trainee,https://www.gokerja.id/lowongan-management-trainee-pt-pulau-sambu-sambu-group/,Experience match: Entry level (0-2 years); Industry match: Automotive; Leadership/Execution fit; Education match: D4 Bisnis Internasional Unpad; Willing to relocate (nationwide),None detected,Gunakan CV: CV_Fahry_Ramadhan.pdf. Highlight operational leadership & D4 Bisnis Internasional Unpad.,"FRESH_GRAD_ACCEPTED, NATIONWIDE_PLACEMENT, SALARY_MISSING, GPA_NOT_LISTED, DEADLINE_UNKNOWN",90,Success (HTML Fallback),Tidak tercantum,Tidak tercantum,Tidak tercantum,No GPA Listed,No GPA requirement detected,Tidak tercantum,Unknown,Tidak tercantum,Unknown,No deadline detected,Score below 75
94,60,Possible Match,Maybe,PT Reska Multi Usaha (KAI Services),PT Reska,Jakarta,Gokerja - Homepage,https://www.gokerja.id/lowongan-kerja-lulusan-sma-pt-reska-multi-usaha-kai-services/,Experience match: Entry level (0-2 years); Industry match: Automotive; Leadership/Execution fit; Education match: D4 Bisnis Internasional Unpad; Willing to relocate (nationwide),None detected,Gunakan CV: CV_Fahry_Ramadhan.pdf. Highlight operational leadership & D4 Bisnis Internasional Unpad.,"FRESH_GRAD_ACCEPTED, NATIONWIDE_PLACEMENT, SALARY_MISSING, GPA_NOT_LISTED, DEADLINE_UNKNOWN",90,Success (HTML Fallback),Tidak tercantum,Tidak tercantum,Tidak tercantum,No GPA Listed,No GPA requirement detected,Tidak tercantum,Unknown,Tidak tercantum,Unknown,No deadline detected,Score below 75
95,60,Possible Match,Maybe,British American Tobacco (BAT) Indonesia,PT Rumah,Jakarta,LokerBumn - Fresh Graduate,https://lokerbumn.com/rekrutmen-british-american-tobacco-bat-indonesia/07/2025/,Experience match: Entry level (0-2 years); Industry match: Banking; Leadership/Execution fit; Education match: D4 Bisnis Internasional Unpad; Willing to relocate (nationwide),None detected,Gunakan CV: CV_Fahry_Ramadhan.pdf. Highlight operational leadership & D4 Bisnis Internasional Unpad.,"FRESH_GRAD_ACCEPTED, NATIONWIDE_PLACEMENT, SALARY_MISSING, GPA_NOT_LISTED, DEADLINE_UNKNOWN",90,Success (HTML Fallback),Tidak tercantum,Tidak tercantum,Tidak tercantum,No GPA Listed,No GPA requirement detected,Tidak tercantum,Unknown,Tidak tercantum,Unknown,No deadline detected,Score below 75
96,60,Possible Match,Maybe,Future Leadership Program – Seven Retail Group,PT Rumah,Jakarta,LokerBumn - Management Trainee,https://lokerbumn.com/lowongan-kerja-dari-seven-retail-group/20/2026/,Experience match: Entry level (0-2 years); Industry match: Retail; Leadership/Execution fit; Education match: D4 Bisnis Internasional Unpad; Willing to relocate (nationwide),None detected,Gunakan CV: CV_Fahry_Xiaomi_NewRetailMT.pdf. Highlight operational leadership & D4 Bisnis Internasional Unpad.,"FRESH_GRAD_ACCEPTED, NATIONWIDE_PLACEMENT, SALARY_MISSING, GPA_NOT_LISTED, DEADLINE_UNKNOWN",90,Success (HTML Fallback),Tidak tercantum,Tidak tercantum,Tidak tercantum,No GPA Listed,No GPA requirement detected,Tidak tercantum,Unknown,Tidak tercantum,Unknown,No deadline detected,Score below 75
97,60,Possible Match,Maybe,PT BCA Finance,PT Rumah,Jakarta,LokerBumn - Officer Development Program,https://lokerbumn.com/lowongan-kerja-pt-bca-finance-semua-jurusan/19/2025/,Experience match: Entry level (0-2 years); Industry match: Banking; Leadership/Execution fit; Education match: D4 Bisnis Internasional Unpad; Willing to relocate (nationwide),None detected,Gunakan CV: CV_Fahry_Ramadhan.pdf. Highlight operational leadership & D4 Bisnis Internasional Unpad.,"FRESH_GRAD_ACCEPTED, NATIONWIDE_PLACEMENT, SALARY_MISSING, GPA_NOT_LISTED, DEADLINE_UNKNOWN",90,Success (HTML Fallback),Tidak tercantum,Tidak tercantum,Tidak tercantum,No GPA Listed,No GPA requirement detected,Tidak tercantum,Unknown,Tidak tercantum,Unknown,No deadline detected,Score below 75
98,60,Possible Match,Maybe,PT BCA Finance,PT Rumah,Jakarta,LokerBumn - Officer Development Program,https://lokerbumn.com/info-karir-pt-bca-finance-terbaru/07/2025/,Experience match: Entry level (0-2 years); Industry match: Banking; Leadership/Execution fit; Education match: D4 Bisnis Internasional Unpad; Willing to relocate (nationwide),None detected,Gunakan CV: CV_Fahry_Ramadhan.pdf. Highlight operational leadership & D4 Bisnis Internasional Unpad.,"FRESH_GRAD_ACCEPTED, NATIONWIDE_PLACEMENT, SALARY_MISSING, GPA_NOT_LISTED, DEADLINE_UNKNOWN",90,Success (HTML Fallback),Tidak tercantum,Tidak tercantum,Tidak tercantum,No GPA Listed,No GPA requirement detected,Tidak tercantum,Unknown,Tidak tercantum,Unknown,No deadline detected,Score below 75
99,60,Possible Match,Maybe,Partai Persatuan Indonesia (Partai Perindo),PT Rumah,Jakarta,LokerBumn - Fresh Graduate,https://lokerbumn.com/partai-persatuan-indonesia-partai-perindo/20/2026/,Industry match: Banking; Leadership/Execution fit; Education match: D4 Bisnis Internasional Unpad; Willing to relocate (nationwide),None detected,Gunakan CV: CV_Fahry_Ramadhan.pdf. Highlight operational leadership & D4 Bisnis Internasional Unpad.,"NATIONWIDE_PLACEMENT, SALARY_MISSING, GPA_NOT_LISTED, DEADLINE_UNKNOWN",90,Success (HTML Fallback),Tidak tercantum,Tidak tercantum,Tidak tercantum,No GPA Listed,No GPA requirement detected,Tidak tercantum,Unknown,Tidak tercantum,Unknown,No deadline detected,Score below 75
100,60,Possible Match,Maybe,Program Magang & Program Praktek Kerja Lapangan (PKL) Kantor OJK,PT Rumah,Jakarta,LokerBumn - Management Trainee,https://lokerbumn.com/program-magang-program-praktek-kerja-lapangan-pkl-kantor-ojk/18/2026/,Industry match: Banking; Leadership/Execution fit; Education match: D4 Bisnis Internasional Unpad; Willing to relocate (nationwide),None detected,Gunakan CV: CV_Fahry_Ramadhan.pdf. Highlight operational leadership & D4 Bisnis Internasional Unpad.,"NATIONWIDE_PLACEMENT, SALARY_MISSING, GPA_NOT_LISTED, DEADLINE_UNKNOWN",90,Success (HTML Fallback),Tidak tercantum,Tidak tercantum,Tidak tercantum,No GPA Listed,No GPA requirement detected,Tidak tercantum,Unknown,Tidak tercantum,Unknown,No deadline detected,Score below 75
101,60,Possible Match,Maybe,Program Pemagangan Nasional BPJS Kesehatan,PT Rumah,Jakarta,LokerBumn - Fresh Graduate,https://lokerbumn.com/program-pemagangan-nasional-bpjs-kesehatan/19/2025/,Experience match: Entry level (0-2 years); Industry match: Banking; Leadership/Execution fit; Education match: D4 Bisnis Internasional Unpad; Willing to relocate (nationwide),None detected,Gunakan CV: CV_Fahry_Ramadhan.pdf. Highlight operational leadership & D4 Bisnis Internasional Unpad.,"FRESH_GRAD_ACCEPTED, NATIONWIDE_PLACEMENT, SALARY_MISSING, GPA_NOT_LISTED, DEADLINE_UNKNOWN",90,Success (HTML Fallback),Tidak tercantum,Tidak tercantum,Tidak tercantum,No GPA Listed,No GPA requirement detected,Tidak tercantum,Unknown,Tidak tercantum,Unknown,No deadline detected,Score below 75
102,60,Possible Match,Maybe,Rekrutmen Political Development Program (PDP) Batch 05 – DPP Partai Perindo,PT Rumah,Jakarta,LokerBumn - Management Trainee,https://lokerbumn.com/rekrutmen-political-development-program-pdp-batch-05-dpp-partai-perindo/22/2026/,Industry match: Banking; Leadership/Execution fit; Education match: D4 Bisnis Internasional Unpad; Willing to relocate (nationwide),None detected,Gunakan CV: CV_Fahry_Ramadhan.pdf. Highlight operational leadership & D4 Bisnis Internasional Unpad.,"NATIONWIDE_PLACEMENT, SALARY_MISSING, GPA_NOT_LISTED, DEADLINE_UNKNOWN",90,Success (HTML Fallback),Tidak tercantum,Tidak tercantum,Tidak tercantum,No GPA Listed,No GPA requirement detected,Tidak tercantum,Unknown,Tidak tercantum,Unknown,No deadline detected,Score below 75
103,60,Possible Match,Maybe,PT Saka Farma Laboratories (Kalbe Consumer Health),PT Saka,Jakarta,LokerBumn - Officer Development Program,https://lokerbumn.com/lowongan-pt-saka-farma-laboratories/22/2025/,Industry match: Banking; Leadership/Execution fit; Education match: D4 Bisnis Internasional Unpad; Willing to relocate (nationwide),None detected,Gunakan CV: CV_Fahry_Ramadhan.pdf. Highlight operational leadership & D4 Bisnis Internasional Unpad.,"NATIONWIDE_PLACEMENT, SALARY_MISSING, GPA_NOT_LISTED, DEADLINE_UNKNOWN",90,Success (HTML Fallback),Tidak tercantum,Tidak tercantum,Tidak tercantum,No GPA Listed,No GPA requirement detected,Tidak tercantum,Unknown,Tidak tercantum,Unknown,No deadline detected,Score below 75
104,60,Possible Match,Maybe,PT SMART Tbk (Sinar Mas Agribusiness and Food),PT Sinar,Jakarta,LokerBumn - Officer Development Program,https://lokerbumn.com/lowongan-pekerjaan-sinar-mas-agribusiness-and-food/14/2025/,Experience match: Entry level (0-2 years); Industry match: Banking; Leadership/Execution fit; Education match: D4 Bisnis Internasional Unpad; Willing to relocate (nationwide),None detected,Gunakan CV: CV_Fahry_Ramadhan.pdf. Highlight operational leadership & D4 Bisnis Internasional Unpad.,"FRESH_GRAD_ACCEPTED, NATIONWIDE_PLACEMENT, SALARY_MISSING, GPA_NOT_LISTED, DEADLINE_UNKNOWN",90,Success (HTML Fallback),Tidak tercantum,Tidak tercantum,Tidak tercantum,No GPA Listed,No GPA requirement detected,Tidak tercantum,Unknown,Tidak tercantum,Unknown,No deadline detected,Score below 75
105,60,Possible Match,Maybe,PT Skha Indonesia,PT Skha,Jakarta,LokerBumn - Officer Development Program,https://lokerbumn.com/lowongan-pekerjaan-pt-skha-indonesia/20/2025/,Experience match: Entry level (0-2 years); Industry match: Banking; Leadership/Execution fit; Education match: D4 Bisnis Internasional Unpad; Willing to relocate (nationwide),None detected,Gunakan CV: CV_Fahry_Ramadhan.pdf. Highlight operational leadership & D4 Bisnis Internasional Unpad.,"FRESH_GRAD_ACCEPTED, NATIONWIDE_PLACEMENT, SALARY_MISSING, GPA_NOT_LISTED, DEADLINE_UNKNOWN",90,Success (HTML Fallback),Tidak tercantum,Tidak tercantum,Tidak tercantum,No GPA Listed,No GPA requirement detected,Tidak tercantum,Unknown,Tidak tercantum,Unknown,No deadline detected,Score below 75
106,60,Possible Match,Maybe,PT Sumber Masanda Jaya (Pratama Group),PT Sumber,Jakarta,LokerBumn - Officer Development Program,https://lokerbumn.com/info-rekrutmen-pt-sumber-masanda-jaya-terbaru/09/2025/,Experience match: Entry level (0-2 years); Industry match: Banking; Leadership/Execution fit; Education match: D4 Bisnis Internasional Unpad; Willing to relocate (nationwide),None detected,Gunakan CV: CV_Fahry_Ramadhan.pdf. Highlight operational leadership & D4 Bisnis Internasional Unpad.,"FRESH_GRAD_ACCEPTED, NATIONWIDE_PLACEMENT, SALARY_MISSING, GPA_NOT_LISTED, DEADLINE_UNKNOWN",90,Success (HTML Fallback),Tidak tercantum,Tidak tercantum,Tidak tercantum,No GPA Listed,No GPA requirement detected,Tidak tercantum,Unknown,Tidak tercantum,Unknown,No deadline detected,Score below 75
107,60,Possible Match,Maybe,PT Taulany Media Kreasi (Taulany TV),PT Taulany,Jakarta,LokerBumn - Fresh Graduate,https://lokerbumn.com/info-lowongan-kerja-di-pt-taulany-media-kreasi-taulany-tv/19/2026/,Experience match: Entry level (0-2 years); Industry match: Banking; Leadership/Execution fit; Education match: D4 Bisnis Internasional Unpad; Willing to relocate (nationwide),None detected,Gunakan CV: CV_Fahry_Ramadhan.pdf. Highlight operational leadership & D4 Bisnis Internasional Unpad.,"FRESH_GRAD_ACCEPTED, NATIONWIDE_PLACEMENT, SALARY_MISSING, GPA_NOT_LISTED, DEADLINE_UNKNOWN",90,Success (HTML Fallback),Tidak tercantum,Tidak tercantum,Tidak tercantum,No GPA Listed,No GPA requirement detected,Tidak tercantum,Unknown,Tidak tercantum,Unknown,No deadline detected,Score below 75
108,60,Possible Match,Maybe,PT Taulany Media Kreasi (Taulany TV),PT Taulany,Jakarta,LokerBumn - Fresh Graduate,https://lokerbumn.com/info-rekrutmen-pt-taulany-media-kreasi-terbaru/10/2025/,Experience match: Entry level (0-2 years); Industry match: Banking; Leadership/Execution fit; Education match: D4 Bisnis Internasional Unpad; Willing to relocate (nationwide),None detected,Gunakan CV: CV_Fahry_Ramadhan.pdf. Highlight operational leadership & D4 Bisnis Internasional Unpad.,"FRESH_GRAD_ACCEPTED, NATIONWIDE_PLACEMENT, SALARY_MISSING, GPA_NOT_LISTED, DEADLINE_UNKNOWN",90,Success (HTML Fallback),Tidak tercantum,Tidak tercantum,Tidak tercantum,No GPA Listed,No GPA requirement detected,Tidak tercantum,Unknown,Tidak tercantum,Unknown,No deadline detected,Score below 75
109,60,Possible Match,Maybe,PT Telekomunikasi Seluler (Telkomsel),PT Telekomunikasi,Jakarta,LokerBumn - Fresh Graduate,https://lokerbumn.com/program-magang-pt-telekomunikasi-seluler/21/2025/,Experience match: Entry level (0-2 years); Industry match: Banking; Leadership/Execution fit; Education match: D4 Bisnis Internasional Unpad; Willing to relocate (nationwide),None detected,Gunakan CV: CV_Fahry_Ramadhan.pdf. Highlight operational leadership & D4 Bisnis Internasional Unpad.,"FRESH_GRAD_ACCEPTED, NATIONWIDE_PLACEMENT, SALARY_MISSING, GPA_NOT_LISTED, DEADLINE_UNKNOWN",90,Success (HTML Fallback),Tidak tercantum,Tidak tercantum,Tidak tercantum,No GPA Listed,No GPA requirement detected,Tidak tercantum,Unknown,Tidak tercantum,Unknown,No deadline detected,Score below 75
110,60,Possible Match,Maybe,Lowongan Kerja PT Thiess Contractors Indonesia,PT Thiess,Jakarta,Gokerja - Homepage,https://www.gokerja.id/lowongan-kerja-pt-thiess-contractors-indonesia/,Experience match: Entry level (0-2 years); Industry match: Automotive; Leadership/Execution fit; Education match: D4 Bisnis Internasional Unpad; Willing to relocate (nationwide),None detected,Gunakan CV: CV_Fahry_Ramadhan.pdf. Highlight operational leadership & D4 Bisnis Internasional Unpad.,"FRESH_GRAD_ACCEPTED, NATIONWIDE_PLACEMENT, SALARY_MISSING, GPA_NOT_LISTED, DEADLINE_UNKNOWN",90,Success (HTML Fallback),Tidak tercantum,Tidak tercantum,Tidak tercantum,No GPA Listed,No GPA requirement detected,Tidak tercantum,Unknown,Tidak tercantum,Unknown,No deadline detected,Score below 75
111,60,Possible Match,Maybe,Lowongan Kerja Bank BJB syariah,PT Tower,Jakarta,Gokerja - Homepage,https://www.gokerja.id/lowongan-kerja-bank-bjb-syariah/,Experience match: Entry level (0-2 years); Industry match: Automotive; Leadership/Execution fit; Education match: D4 Bisnis Internasional Unpad; Willing to relocate (nationwide),None detected,Gunakan CV: CV_Fahry_Ramadhan.pdf. Highlight operational leadership & D4 Bisnis Internasional Unpad.,"FRESH_GRAD_ACCEPTED, NATIONWIDE_PLACEMENT, SALARY_MISSING, GPA_NOT_LISTED, DEADLINE_UNKNOWN",90,Success (HTML Fallback),Tidak tercantum,Tidak tercantum,Tidak tercantum,No GPA Listed,No GPA requirement detected,Tidak tercantum,Unknown,Tidak tercantum,Unknown,No deadline detected,Score below 75
112,60,Possible Match,Maybe,Lowongan Kerja Bank Syariah Nasional,PT Tower,Jakarta,Gokerja - Homepage,https://www.gokerja.id/lowongan-kerja-bank-syariah-nasional/,Experience match: Entry level (0-2 years); Industry match: Automotive; Leadership/Execution fit; Education match: D4 Bisnis Internasional Unpad; Willing to relocate (nationwide),None detected,Gunakan CV: CV_Fahry_Ramadhan.pdf. Highlight operational leadership & D4 Bisnis Internasional Unpad.,"FRESH_GRAD_ACCEPTED, NATIONWIDE_PLACEMENT, SALARY_MISSING, GPA_NOT_LISTED, DEADLINE_UNKNOWN",90,Success (HTML Fallback),Tidak tercantum,Tidak tercantum,Tidak tercantum,No GPA Listed,No GPA requirement detected,Tidak tercantum,Unknown,Tidak tercantum,Unknown,No deadline detected,Score below 75
113,60,Possible Match,Maybe,Lowongan Kerja KAI Service,PT Tower,Jakarta,Gokerja - Homepage,https://www.gokerja.id/lowongan-kerja-kai-service-wilayah-yogyakarta/,Experience match: Entry level (0-2 years); Industry match: Automotive; Leadership/Execution fit; Education match: D4 Bisnis Internasional Unpad; Willing to relocate (nationwide),None detected,Gunakan CV: CV_Fahry_Ramadhan.pdf. Highlight operational leadership & D4 Bisnis Internasional Unpad.,"FRESH_GRAD_ACCEPTED, NATIONWIDE_PLACEMENT, SALARY_MISSING, GPA_NOT_LISTED, DEADLINE_UNKNOWN",90,Success (HTML Fallback),Tidak tercantum,Tidak tercantum,Tidak tercantum,No GPA Listed,No GPA requirement detected,Tidak tercantum,Unknown,Tidak tercantum,Unknown,No deadline detected,Score below 75
114,60,Possible Match,Maybe,PT Toyota-Astra Motor,PT Toyota,Jakarta,LokerBumn - Officer Development Program,https://lokerbumn.com/lowongan-pt-toyota-astra-motor-terbaru/09/2025/,Experience match: Entry level (0-2 years); Industry match: Banking; Leadership/Execution fit; Education match: D4 Bisnis Internasional Unpad; Willing to relocate (nationwide),None detected,Gunakan CV: CV_ID_Fahry_Ramadhan.pdf. Highlight operational leadership & D4 Bisnis Internasional Unpad.,"FRESH_GRAD_ACCEPTED, NATIONWIDE_PLACEMENT, SALARY_MISSING, GPA_NOT_LISTED, DEADLINE_UNKNOWN",90,Success (HTML Fallback),Tidak tercantum,Tidak tercantum,Tidak tercantum,No GPA Listed,No GPA requirement detected,Tidak tercantum,Unknown,Tidak tercantum,Unknown,No deadline detected,Score below 75
115,60,Possible Match,Maybe,PT Traktor Nusantara (Traknus),PT Traktor,Jakarta,LokerBumn - Management Trainee,https://lokerbumn.com/lowongan-pekerjaan-dari-pt-traktor-nusantara-traknus/16/2026/,Experience match: Entry level (0-2 years); Industry match: Banking; Leadership/Execution fit; Education match: D4 Bisnis Internasional Unpad; Willing to relocate (nationwide),None detected,Gunakan CV: CV_Fahry_Ramadhan.pdf. Highlight operational leadership & D4 Bisnis Internasional Unpad.,"FRESH_GRAD_ACCEPTED, NATIONWIDE_PLACEMENT, SALARY_MISSING, GPA_NOT_LISTED, DEADLINE_UNKNOWN",90,Success (HTML Fallback),Tidak tercantum,Tidak tercantum,Tidak tercantum,No GPA Listed,No GPA requirement detected,Tidak tercantum,Unknown,Tidak tercantum,Unknown,No deadline detected,Score below 75
116,60,Possible Match,Maybe,PT Triatra Sinergia Pratama,PT Triatra,Jakarta,Gokerja - Homepage,https://www.gokerja.id/lowongan-management-trainee-pt-triatra-sinergia-pratama/,Experience match: Entry level (0-2 years); Industry match: Automotive; Leadership/Execution fit; Education match: D4 Bisnis Internasional Unpad; Willing to relocate (nationwide),None detected,Gunakan CV: CV_Fahry_Ramadhan.pdf. Highlight operational leadership & D4 Bisnis Internasional Unpad.,"FRESH_GRAD_ACCEPTED, NATIONWIDE_PLACEMENT, SALARY_MISSING, GPA_NOT_LISTED, DEADLINE_UNKNOWN",90,Success (HTML Fallback),Tidak tercantum,Tidak tercantum,Tidak tercantum,No GPA Listed,No GPA requirement detected,Tidak tercantum,Unknown,Tidak tercantum,Unknown,No deadline detected,Score below 75
117,60,Possible Match,Maybe,PT Tuah Turangga Agung (Turangga Resources),PT Tuah,Jakarta,LokerBumn - Fresh Graduate,https://lokerbumn.com/rekrutmen-pt-tuah-turangga-agung-new/08/2025/,Experience match: Entry level (0-2 years); Industry match: Banking; Leadership/Execution fit; Education match: D4 Bisnis Internasional Unpad; Willing to relocate (nationwide),None detected,Gunakan CV: CV_Fahry_Ramadhan.pdf. Highlight operational leadership & D4 Bisnis Internasional Unpad.,"FRESH_GRAD_ACCEPTED, NATIONWIDE_PLACEMENT, SALARY_MISSING, GPA_NOT_LISTED, DEADLINE_UNKNOWN",90,Success (HTML Fallback),Tidak tercantum,Tidak tercantum,Tidak tercantum,No GPA Listed,No GPA requirement detected,Tidak tercantum,Unknown,Tidak tercantum,Unknown,No deadline detected,Score below 75
118,60,Possible Match,Maybe,PT Unilever Oleochemical Indonesia,PT Unilever,Jakarta,LokerBumn - Management Trainee,https://lokerbumn.com/pt-unilever-oleochemical-indonesia/03/2026/,Experience match: Entry level (0-2 years); Industry match: Banking; Leadership/Execution fit; Education match: D4 Bisnis Internasional Unpad; Willing to relocate (nationwide),None detected,Gunakan CV: CV_Fahry_Ramadhan.pdf. Highlight operational leadership & D4 Bisnis Internasional Unpad.,"FRESH_GRAD_ACCEPTED, NATIONWIDE_PLACEMENT, SALARY_MISSING, GPA_NOT_LISTED, DEADLINE_UNKNOWN",90,Success (HTML Fallback),Tidak tercantum,Tidak tercantum,Tidak tercantum,No GPA Listed,No GPA requirement detected,Tidak tercantum,Unknown,Tidak tercantum,Unknown,No deadline detected,Score below 75
119,60,Possible Match,Maybe,PT Unilever Oleochemical Indonesia,PT Unilever,Jakarta,Gokerja - Management Trainee,https://www.gokerja.id/pt-unilever-oleochemical-indonesia-buka-program-management-trainee/,Experience match: Entry level (0-2 years); Industry match: Automotive; Leadership/Execution fit; Education match: D4 Bisnis Internasional Unpad; Willing to relocate (nationwide),None detected,Gunakan CV: CV_Fahry_Ramadhan.pdf. Highlight operational leadership & D4 Bisnis Internasional Unpad.,"FRESH_GRAD_ACCEPTED, NATIONWIDE_PLACEMENT, SALARY_MISSING, GPA_NOT_LISTED, DEADLINE_UNKNOWN",90,Success (HTML Fallback),Tidak tercantum,Tidak tercantum,Tidak tercantum,No GPA Listed,No GPA requirement detected,Tidak tercantum,Unknown,Tidak tercantum,Unknown,No deadline detected,Score below 75
120,60,Possible Match,Maybe,Rekrutmen Unilever Future Leaders Programme (UFLP) 2026,PT Unilever,Jakarta,LokerBumn - Management Trainee,https://lokerbumn.com/rekrutmen-unilever-future-leaders-programme-uflp-2026/17/2026/,Industry match: Banking; Leadership/Execution fit; Education match: D4 Bisnis Internasional Unpad; Willing to relocate (nationwide),None detected,Gunakan CV: CV_Fahry_Ramadhan.pdf. Highlight operational leadership & D4 Bisnis Internasional Unpad.,"NATIONWIDE_PLACEMENT, SALARY_MISSING, GPA_NOT_LISTED, DEADLINE_UNKNOWN",90,Success (HTML Fallback),Tidak tercantum,Tidak tercantum,Tidak tercantum,No GPA Listed,No GPA requirement detected,Tidak tercantum,Unknown,Tidak tercantum,Unknown,No deadline detected,Score below 75
121,60,Possible Match,Maybe,UFRESH Indonesia 2026 – PT Unilever Indonesia Tbk,PT Unilever,Jakarta,LokerBumn - Fresh Graduate,https://lokerbumn.com/lowongan-pekerjaan-di-pt-unilever-indonesia-tbk/21/2026/,Industry match: Banking; Leadership/Execution fit; Education match: D4 Bisnis Internasional Unpad; Willing to relocate (nationwide),None detected,Gunakan CV: CV_Fahry_Ramadhan.pdf. Highlight operational leadership & D4 Bisnis Internasional Unpad.,"NATIONWIDE_PLACEMENT, SALARY_MISSING, GPA_NOT_LISTED, DEADLINE_UNKNOWN",90,Success (HTML Fallback),Tidak tercantum,Tidak tercantum,Tidak tercantum,No GPA Listed,No GPA requirement detected,Tidak tercantum,Unknown,Tidak tercantum,Unknown,No deadline detected,Score below 75
122,60,Possible Match,Maybe,Unilever Apprenticeship For Future Talents (UPLIFT) 2026,PT Unilever,Jakarta,LokerBumn - Fresh Graduate,https://lokerbumn.com/info-rekrutmen-pt-unilever-indonesia-tbk/13/2025/,Experience match: Entry level (0-2 years); Industry match: Banking; Leadership/Execution fit; Education match: D4 Bisnis Internasional Unpad; Willing to relocate (nationwide),None detected,Gunakan CV: CV_Fahry_Ramadhan.pdf. Highlight operational leadership & D4 Bisnis Internasional Unpad.,"FRESH_GRAD_ACCEPTED, NATIONWIDE_PLACEMENT, SALARY_MISSING, GPA_NOT_LISTED, DEADLINE_UNKNOWN",90,Success (HTML Fallback),Tidak tercantum,Tidak tercantum,Tidak tercantum,No GPA Listed,No GPA requirement detected,Tidak tercantum,Unknown,Tidak tercantum,Unknown,No deadline detected,Score below 75
123,60,Possible Match,Maybe,Lowongan Kerja PT Union Sampoerna Triputra Persada,PT Union,Jakarta,Gokerja - Management Trainee,https://www.gokerja.id/lowongan-kerja-pt-union-sampoerna-triputra-persada/,Experience match: Entry level (0-2 years); Industry match: Automotive; Leadership/Execution fit; Education match: D4 Bisnis Internasional Unpad; Willing to relocate (nationwide),None detected,Gunakan CV: CV_Fahry_Ramadhan.pdf. Highlight operational leadership & D4 Bisnis Internasional Unpad.,"FRESH_GRAD_ACCEPTED, NATIONWIDE_PLACEMENT, SALARY_MISSING, GPA_NOT_LISTED, DEADLINE_UNKNOWN",90,Success (HTML Fallback),Tidak tercantum,Tidak tercantum,Tidak tercantum,No GPA Listed,No GPA requirement detected,Tidak tercantum,Unknown,Tidak tercantum,Unknown,No deadline detected,Score below 75
124,60,Possible Match,Maybe,PT Vakansi Dedikasi Semesta (VINDES Corp),PT Vakansi,Jakarta,LokerBumn - Management Trainee,https://lokerbumn.com/pt-vakansi-dedikasi-semesta-vindes-corp-2/19/2026/,Experience match: Entry level (0-2 years); Industry match: Banking; Leadership/Execution fit; Education match: D4 Bisnis Internasional Unpad; Willing to relocate (nationwide),None detected,Gunakan CV: CV_Fahry_Ramadhan.pdf. Highlight operational leadership & D4 Bisnis Internasional Unpad.,"FRESH_GRAD_ACCEPTED, NATIONWIDE_PLACEMENT, SALARY_MISSING, GPA_NOT_LISTED, DEADLINE_UNKNOWN",90,Success (HTML Fallback),Tidak tercantum,Tidak tercantum,Tidak tercantum,No GPA Listed,No GPA requirement detected,Tidak tercantum,Unknown,Tidak tercantum,Unknown,No deadline detected,Score below 75
125,60,Possible Match,Maybe,Lowongan Kerja PT Yamaha Music Indonesia,PT Yamaha,Jakarta,Gokerja - Fresh Graduate,https://www.gokerja.id/lowongan-kerja-pt-yamaha-music-indonesia/,Experience match: Entry level (0-2 years); Industry match: Automotive; Leadership/Execution fit; Education match: D4 Bisnis Internasional Unpad; Willing to relocate (nationwide),None detected,Gunakan CV: CV_Fahry_Ramadhan.pdf. Highlight operational leadership & D4 Bisnis Internasional Unpad.,"FRESH_GRAD_ACCEPTED, NATIONWIDE_PLACEMENT, SALARY_MISSING, GPA_NOT_LISTED, DEADLINE_UNKNOWN",90,Success (HTML Fallback),Tidak tercantum,Tidak tercantum,Tidak tercantum,No GPA Listed,No GPA requirement detected,Tidak tercantum,Unknown,Tidak tercantum,Unknown,No deadline detected,Score below 75
126,60,Possible Match,Maybe,PT MOYA Indonesia,PT Rumah,Jakarta,LokerBumn - Officer Development Program,https://lokerbumn.com/lowongan-pekerjaan-pt-moya-indonesia/15/2025/,Experience match: Entry level (0-2 years); Industry match: Banking; Leadership/Execution fit; Education match: D4 Bisnis Internasional Unpad; Willing to relocate (nationwide),None detected,Gunakan CV: CV_Fahry_Ramadhan.pdf. Highlight operational leadership & D4 Bisnis Internasional Unpad.,"FRESH_GRAD_ACCEPTED, NATIONWIDE_PLACEMENT, SALARY_MISSING, GPA_NOT_LISTED, DEADLINE_UNKNOWN",75,Success (HTML Fallback),Tidak tercantum,Tidak tercantum,Tidak tercantum,No GPA Listed,No GPA requirement detected,Tidak tercantum,Unknown,Tidak tercantum,Unknown,No deadline detected,Score below 75
127,60,Possible Match,Maybe,PT Timas Suplindo,PT Timas,Jakarta,LokerBumn - Fresh Graduate,https://lokerbumn.com/info-lowongan-pt-timas-suplindo-terbaru/20/2025/,Experience match: Entry level (0-2 years); Industry match: Banking; Leadership/Execution fit; Education match: D4 Bisnis Internasional Unpad; Willing to relocate (nationwide),None detected,Gunakan CV: CV_Fahry_Ramadhan.pdf. Highlight operational leadership & D4 Bisnis Internasional Unpad.,"FRESH_GRAD_ACCEPTED, NATIONWIDE_PLACEMENT, SALARY_MISSING, GPA_NOT_LISTED, DEADLINE_UNKNOWN",75,Success (HTML Fallback),Tidak tercantum,Tidak tercantum,Tidak tercantum,No GPA Listed,No GPA requirement detected,Tidak tercantum,Unknown,Tidak tercantum,Unknown,No deadline detected,Score below 75
128,60,Possible Match,Maybe,PT Toyota Motor Manufacturing Indonesia,PT Toyota,Jakarta,LokerBumn - Fresh Graduate,https://lokerbumn.com/lowongan-pekerjaan-pt-toyota-motor-manufacturing-indonesia/22/2025/,Experience match: Entry level (0-2 years); Industry match: Manufacturing; Leadership/Execution fit; Education match: D4 Bisnis Internasional Unpad; Willing to relocate (nationwide),None detected,Gunakan CV: CV_Fahry_Ramadhan.pdf. Highlight operational leadership & D4 Bisnis Internasional Unpad.,"FRESH_GRAD_ACCEPTED, NATIONWIDE_PLACEMENT, SALARY_MISSING, GPA_NOT_LISTED, DEADLINE_UNKNOWN",75,Success (HTML Fallback),Tidak tercantum,Tidak tercantum,Tidak tercantum,No GPA Listed,No GPA requirement detected,Tidak tercantum,Unknown,Tidak tercantum,Unknown,No deadline detected,Score below 75
129,60,Possible Match,Maybe,Unilever Future Leadership Program PT Unilever Indonesia Tbk,PT Unilever,Jakarta,Gokerja - Management Trainee,https://www.gokerja.id/unilever-future-leadership-program-pt-unilever-indonesia-tbk/,Experience match: Entry level (0-2 years); Industry match: Automotive; Leadership/Execution fit; Education match: D4 Bisnis Internasional Unpad; Willing to relocate (nationwide),None detected,Gunakan CV: CV_Fahry_Ramadhan.pdf. Highlight operational leadership & D4 Bisnis Internasional Unpad.,"FRESH_GRAD_ACCEPTED, NATIONWIDE_PLACEMENT, SALARY_MISSING, GPA_NOT_LISTED, DEADLINE_UNKNOWN",75,Success (HTML Fallback),Tidak tercantum,Tidak tercantum,Tidak tercantum,No GPA Listed,No GPA requirement detected,Tidak tercantum,Unknown,Tidak tercantum,Unknown,No deadline detected,Score below 75
130,50,Weak Match,Low Priority,PT Forisa Nusapersada,PT Forisa,Jakarta,Disnakerja - Management Trainee,https://www.disnakerja.com/lowongan-kerja-pt-forisa-nusapersada/,Experience match: Entry level (0-2 years); Industry match: Mining; Education match: D4 Bisnis Internasional Unpad; Willing to relocate (nationwide),None detected,Gunakan CV: CV_Fahry_Ramadhan.pdf. Highlight operational leadership & D4 Bisnis Internasional Unpad.,"FRESH_GRAD_ACCEPTED, NATIONWIDE_PLACEMENT, SALARY_MISSING, GPA_NOT_LISTED, DEADLINE_UNKNOWN",90,Success (HTML Fallback),Tidak tercantum,Tidak tercantum,Tidak tercantum,No GPA Listed,No GPA requirement detected,Tidak tercantum,Unknown,Tidak tercantum,Unknown,No deadline detected,Score below 75
131,50,Weak Match,Low Priority,Lowongan Kerja J&T Cargo Indonesia (PT Global Yimi Cargo),PT Global,Jakarta,Gokerja - Fresh Graduate,https://www.gokerja.id/lowongan-kerja-jt-cargo-indonesia-pt-global-yimi-cargo/,Experience match: Entry level (0-2 years); Industry match: Automotive; Leadership/Execution fit; Willing to relocate (nationwide),None detected,Gunakan CV: CV_Fahry_Ramadhan.pdf. Highlight operational leadership & D4 Bisnis Internasional Unpad.,"FRESH_GRAD_ACCEPTED, MAJOR_RISK, NATIONWIDE_PLACEMENT, SALARY_MISSING, GPA_NOT_LISTED, DEADLINE_UNKNOWN",90,Success (HTML Fallback),Tidak tercantum,Tidak tercantum,Tidak tercantum,No GPA Listed,No GPA requirement detected,Tidak tercantum,Unknown,Tidak tercantum,Unknown,No deadline detected,Score below 75
132,50,Weak Match,Low Priority,PT Mulia Sawit Agro Lestari (MSAL Group),PT Mulia,Jakarta,Disnakerja - Management Trainee,https://www.disnakerja.com/pt-mulia-sawit-agro-lestari-msal-group/,Experience match: Entry level (0-2 years); Industry match: Mining; Education match: D4 Bisnis Internasional Unpad; Willing to relocate (nationwide),None detected,Gunakan CV: CV_Fahry_Ramadhan.pdf. Highlight operational leadership & D4 Bisnis Internasional Unpad.,"FRESH_GRAD_ACCEPTED, NATIONWIDE_PLACEMENT, SALARY_MISSING, GPA_NOT_LISTED, DEADLINE_UNKNOWN",90,Success (HTML Fallback),Tidak tercantum,Tidak tercantum,Tidak tercantum,No GPA Listed,No GPA requirement detected,Tidak tercantum,Unknown,Tidak tercantum,Unknown,No deadline detected,Score below 75
133,50,Weak Match,Low Priority,PT ABeam Consulting Indonesia,PT New,Jakarta,Disnakerja - Management Trainee,https://www.disnakerja.com/lowongan-kerja-pt-abeam-consulting-indonesia/,Experience match: Entry level (0-2 years); Industry match: Mining; Education match: D4 Bisnis Internasional Unpad; Willing to relocate (nationwide),None detected,Gunakan CV: CV_Fahry_Ramadhan.pdf. Highlight operational leadership & D4 Bisnis Internasional Unpad.,"FRESH_GRAD_ACCEPTED, NATIONWIDE_PLACEMENT, SALARY_MISSING, GPA_NOT_LISTED, DEADLINE_UNKNOWN",90,Success (HTML Fallback),Tidak tercantum,Tidak tercantum,Tidak tercantum,No GPA Listed,No GPA requirement detected,Tidak tercantum,Unknown,Tidak tercantum,Unknown,No deadline detected,Score below 75
134,50,Weak Match,Low Priority,PT Pamapersada Nusantara (PAMA),PT Pamapersada,Jakarta,Disnakerja - Management Trainee,https://www.disnakerja.com/lowongan-kerja-pt-pamapersada-nusantara-pama/,Experience match: Entry level (0-2 years); Industry match: Mining; Education match: D4 Bisnis Internasional Unpad; Willing to relocate (nationwide),None detected,Gunakan CV: CV_ID_Fahry_Ramadhan.pdf. Highlight operational leadership & D4 Bisnis Internasional Unpad.,"FRESH_GRAD_ACCEPTED, NATIONWIDE_PLACEMENT, SALARY_MISSING, GPA_NOT_LISTED, DEADLINE_UNKNOWN",90,Success (HTML Fallback),Tidak tercantum,Tidak tercantum,Tidak tercantum,No GPA Listed,No GPA requirement detected,Tidak tercantum,Unknown,Tidak tercantum,Unknown,No deadline detected,Score below 75
135,50,Weak Match,Low Priority,Penerimaan Pegawai Non ASN (Kontrak) Balai Besar Biomedis dan Genomika Kesehatan,PT Rumah,Jakarta,LokerBumn - Management Trainee,https://lokerbumn.com/penerimaan-pegawai-non-asn-kontrak-balai-besar-biomedis-dan-genomika-kesehatan/22/2026/,Industry match: Banking; Education match: D4 Bisnis Internasional Unpad; Willing to relocate (nationwide),None detected,Gunakan CV: CV_Fahry_Ramadhan.pdf. Highlight operational leadership & D4 Bisnis Internasional Unpad.,"NATIONWIDE_PLACEMENT, SALARY_MISSING, GPA_NOT_LISTED, DEADLINE_UNKNOWN",90,Success (HTML Fallback),Tidak tercantum,Tidak tercantum,Tidak tercantum,No GPA Listed,No GPA requirement detected,Tidak tercantum,Unknown,Tidak tercantum,Unknown,No deadline detected,Score below 75
136,50,Weak Match,Low Priority,Rekrutmen Petugas Resepsionis Kantor Pelayanan Pajak (KPP) Madya,PT Rumah,Jakarta,LokerBumn - Management Trainee,https://lokerbumn.com/rekrutmen-petugas-resepsionis-kantor-pelayanan-pajak-kpp-madya/21/2026/,Industry match: Banking; Education match: D4 Bisnis Internasional Unpad; Willing to relocate (nationwide),None detected,Gunakan CV: CV_Fahry_Ramadhan.pdf. Highlight operational leadership & D4 Bisnis Internasional Unpad.,"NATIONWIDE_PLACEMENT, SALARY_MISSING, GPA_NOT_LISTED, DEADLINE_UNKNOWN",90,Success (HTML Fallback),Tidak tercantum,Tidak tercantum,Tidak tercantum,No GPA Listed,No GPA requirement detected,Tidak tercantum,Unknown,Tidak tercantum,Unknown,No deadline detected,Score below 75
137,50,Weak Match,Low Priority,Lowongan Kerja Fresh Graduate PT Tower Bersama Infrastructure Tbk,PT Tower,Jakarta,Gokerja - Homepage,https://www.gokerja.id/lowongan-kerja-fresh-graduate-pt-tower-bersama-infrastructure-tbk/,Experience match: Entry level (0-2 years); Industry match: Automotive; Leadership/Execution fit; Willing to relocate (nationwide),None detected,Gunakan CV: CV_Fahry_Ramadhan.pdf. Highlight operational leadership & D4 Bisnis Internasional Unpad.,"FRESH_GRAD_ACCEPTED, MAJOR_RISK, NATIONWIDE_PLACEMENT, SALARY_MISSING, GPA_NOT_LISTED, DEADLINE_UNKNOWN",90,Success (HTML Fallback),Tidak tercantum,Tidak tercantum,Tidak tercantum,No GPA Listed,No GPA requirement detected,Tidak tercantum,Unknown,Tidak tercantum,Unknown,No deadline detected,Score below 75
138,50,Weak Match,Low Priority,Customer Service Pembukaan Rekening Online – PT Bank Central Asia Tbk,PT Bank,Jakarta,LokerBumn - Fresh Graduate,https://lokerbumn.com/lowongan-kerja-customer-service-pembukaan-rekening-online-pt-bank-central-asia-tbk/18/2026/,Industry match: Banking; Education match: D4 Bisnis Internasional Unpad; Willing to relocate (nationwide),None detected,Gunakan CV: CV_Fahry_Ramadhan.pdf. Highlight operational leadership & D4 Bisnis Internasional Unpad.,"NATIONWIDE_PLACEMENT, SALARY_MISSING, GPA_NOT_LISTED, DEADLINE_UNKNOWN",75,Success (HTML Fallback),Tidak tercantum,Tidak tercantum,Tidak tercantum,No GPA Listed,No GPA requirement detected,Tidak tercantum,Unknown,Tidak tercantum,Unknown,No deadline detected,Score below 75
139,50,Weak Match,Low Priority,PAKO Group,PT New,Tidak tercantum,Disnakerja - Management Trainee,https://www.disnakerja.com/lowongan-kerja-pako-group/,Experience match: Entry level (0-2 years); Industry match: Mining; Education match: D4 Bisnis Internasional Unpad; Willing to relocate (nationwide),None detected,Gunakan CV: CV_Fahry_Ramadhan.pdf. Highlight operational leadership & D4 Bisnis Internasional Unpad.,"FRESH_GRAD_ACCEPTED, NATIONWIDE_PLACEMENT, SALARY_MISSING, GPA_NOT_LISTED, DEADLINE_UNKNOWN",75,Success (HTML Fallback),Tidak tercantum,Tidak tercantum,Tidak tercantum,No GPA Listed,No GPA requirement detected,Tidak tercantum,Unknown,Tidak tercantum,Unknown,No deadline detected,Score below 75
140,50,Weak Match,Low Priority,PT New Ratna Motor (Toyota Nasmoco Group),PT New,Tidak tercantum,Disnakerja - Management Trainee,https://www.disnakerja.com/lowongan-kerja-pt-new-ratna-motor-toyota-nasmoco-group/,Experience match: Entry level (0-2 years); Industry match: Mining; Education match: D4 Bisnis Internasional Unpad; Willing to relocate (nationwide),None detected,Gunakan CV: CV_Fahry_Ramadhan.pdf. Highlight operational leadership & D4 Bisnis Internasional Unpad.,"FRESH_GRAD_ACCEPTED, NATIONWIDE_PLACEMENT, SALARY_MISSING, GPA_NOT_LISTED, DEADLINE_UNKNOWN",75,Success (HTML Fallback),Tidak tercantum,Tidak tercantum,Tidak tercantum,No GPA Listed,No GPA requirement detected,Tidak tercantum,Unknown,Tidak tercantum,Unknown,No deadline detected,Score below 75
141,50,Weak Match,Low Priority,SPS Corporate (Group Companies),PT New,Tidak tercantum,Disnakerja - Management Trainee,https://www.disnakerja.com/sps-corporate-group-companies/,Experience match: Entry level (0-2 years); Industry match: Mining; Education match: D4 Bisnis Internasional Unpad; Willing to relocate (nationwide),None detected,Gunakan CV: CV_Fahry_Ramadhan.pdf. Highlight operational leadership & D4 Bisnis Internasional Unpad.,"FRESH_GRAD_ACCEPTED, NATIONWIDE_PLACEMENT, SALARY_MISSING, GPA_NOT_LISTED, DEADLINE_UNKNOWN",75,Success (HTML Fallback),Tidak tercantum,Tidak tercantum,Tidak tercantum,No GPA Listed,No GPA requirement detected,Tidak tercantum,Unknown,Tidak tercantum,Unknown,No deadline detected,Score below 75
142,50,Weak Match,Low Priority,PT Paragon Technology and Innovation,PT Paragon,Tidak tercantum,Disnakerja - Management Trainee,https://www.disnakerja.com/pt-paragon-technology-and-innovation/,Experience match: Entry level (0-2 years); Industry match: Mining; Education match: D4 Bisnis Internasional Unpad; Willing to relocate (nationwide),None detected,Gunakan CV: CV_Fahry_Ramadhan.pdf. Highlight operational leadership & D4 Bisnis Internasional Unpad.,"FRESH_GRAD_ACCEPTED, NATIONWIDE_PLACEMENT, SALARY_MISSING, GPA_NOT_LISTED, DEADLINE_UNKNOWN",75,Success (HTML Fallback),Tidak tercantum,Tidak tercantum,Tidak tercantum,No GPA Listed,No GPA requirement detected,Tidak tercantum,Unknown,Tidak tercantum,Unknown,No deadline detected,Score below 75
143,40,Not Recommended,Skip,PT Angkut Teknologi Indonesia (Deliveree),PT Angkut,Jakarta,Disnakerja - Management Trainee,https://www.disnakerja.com/lowongan-kerja-pt-angkut-teknologi-indonesia-deliveree-2/,Experience match: Entry level (0-2 years); Industry match: Mining; Willing to relocate (nationwide),None detected,Gunakan CV: CV_Fahry_Ramadhan.pdf. Highlight operational leadership & D4 Bisnis Internasional Unpad.,"FRESH_GRAD_ACCEPTED, MAJOR_RISK, NATIONWIDE_PLACEMENT, SALARY_MISSING, GPA_NOT_LISTED, DEADLINE_UNKNOWN",90,Success (HTML Fallback),Tidak tercantum,Tidak tercantum,Tidak tercantum,No GPA Listed,No GPA requirement detected,Tidak tercantum,Unknown,Tidak tercantum,Unknown,No deadline detected,Score below 75
144,40,Not Recommended,Skip,PT Bank Syariah Nasional (BSN),PT Bank,Jakarta,Bukajobs - Loker S1,https://bukajobs.com/pt-bank-syariah-nasional-bsn/,Education match: D4 Bisnis Internasional Unpad; Willing to relocate (nationwide),None detected,Gunakan CV: CV_Fahry_Ramadhan.pdf. Highlight operational leadership & D4 Bisnis Internasional Unpad.,"NATIONWIDE_PLACEMENT, SALARY_MISSING, GPA_NOT_LISTED, DEADLINE_UNKNOWN",90,Success (HTML Fallback),Tidak tercantum,Tidak tercantum,Tidak tercantum,No GPA Listed,No GPA requirement detected,Tidak tercantum,Unknown,Tidak tercantum,Unknown,No deadline detected,Score below 75
145,40,Not Recommended,Skip,PT Brantas Abipraya (Persero),PT Brantas,Jakarta,Disnakerja - Jobs,https://www.disnakerja.com/lowongan-kerja-pt-brantas-abipraya-persero/,Experience match: Entry level (0-2 years); Industry match: Mining; Willing to relocate (nationwide),None detected,Gunakan CV: CV_Fahry_Ramadhan.pdf. Highlight operational leadership & D4 Bisnis Internasional Unpad.,"FRESH_GRAD_ACCEPTED, MAJOR_RISK, NATIONWIDE_PLACEMENT, SALARY_MISSING, GPA_NOT_LISTED, DEADLINE_UNKNOWN",90,Success (HTML Fallback),Tidak tercantum,Tidak tercantum,Tidak tercantum,No GPA Listed,No GPA requirement detected,Tidak tercantum,Unknown,Tidak tercantum,Unknown,No deadline detected,Score below 75
146,40,Not Recommended,Skip,PT Chinli plastic Technology Indonesia,PT Chinli,Jakarta,Bukajobs - Loker S1,https://bukajobs.com/pt-chinli-plastic-technology-indonesia/,Education match: D4 Bisnis Internasional Unpad; Willing to relocate (nationwide),None detected,Gunakan CV: CV_Fahry_Ramadhan.pdf. Highlight operational leadership & D4 Bisnis Internasional Unpad.,"NATIONWIDE_PLACEMENT, SALARY_MISSING, GPA_NOT_LISTED, DEADLINE_UNKNOWN",90,Success (HTML Fallback),Tidak tercantum,Tidak tercantum,Tidak tercantum,No GPA Listed,No GPA requirement detected,Tidak tercantum,Unknown,Tidak tercantum,Unknown,No deadline detected,Score below 75
147,40,Not Recommended,Skip,PT Eigerindo Multi Produk Industri,PT Eigerindo,Bandung,Disnakerja - Management Trainee,https://www.disnakerja.com/lowongan-kerja-pt-eigerindo-multi-produk-industri/,Experience match: Entry level (0-2 years); Industry match: Mining; Willing to relocate (nationwide),None detected,Gunakan CV: CV_Fahry_Ramadhan.pdf. Highlight operational leadership & D4 Bisnis Internasional Unpad.,"FRESH_GRAD_ACCEPTED, MAJOR_RISK, NATIONWIDE_PLACEMENT, SALARY_MISSING, GPA_NOT_LISTED, DEADLINE_UNKNOWN",90,Success (HTML Fallback),Tidak tercantum,Tidak tercantum,Tidak tercantum,No GPA Listed,No GPA requirement detected,Tidak tercantum,Unknown,Tidak tercantum,Unknown,No deadline detected,Score below 75
148,40,Not Recommended,Skip,PT Genero Pharmaceuticals,PT Genero,Jakarta,Bukajobs - Loker S1,https://bukajobs.com/pt-genero-pharmaceuticals/,Education match: D4 Bisnis Internasional Unpad; Willing to relocate (nationwide),None detected,Gunakan CV: CV_Fahry_Ramadhan.pdf. Highlight operational leadership & D4 Bisnis Internasional Unpad.,"NATIONWIDE_PLACEMENT, SALARY_MISSING, GPA_NOT_LISTED, DEADLINE_UNKNOWN",90,Success (HTML Fallback),Tidak tercantum,Tidak tercantum,Tidak tercantum,No GPA Listed,No GPA requirement detected,Tidak tercantum,Unknown,Tidak tercantum,Unknown,No deadline detected,Score below 75
149,40,Not Recommended,Skip,PT Giandhi Dunia Rekreasi (Amazone & Playtopia),PT Giandhi,Jakarta,Bukajobs - Loker S1,https://bukajobs.com/pt-giandhi-dunia-rekreasi-amazone-playtopia/,Education match: D4 Bisnis Internasional Unpad; Willing to relocate (nationwide),None detected,Gunakan CV: CV_Fahry_Ramadhan.pdf. Highlight operational leadership & D4 Bisnis Internasional Unpad.,"NATIONWIDE_PLACEMENT, SALARY_MISSING, GPA_NOT_LISTED, DEADLINE_UNKNOWN",90,Success (HTML Fallback),Tidak tercantum,Tidak tercantum,Tidak tercantum,No GPA Listed,No GPA requirement detected,Tidak tercantum,Unknown,Tidak tercantum,Unknown,No deadline detected,Score below 75
150,40,Not Recommended,Skip,PT Griya Miesejati (Bakmi GM),PT Griya,Jakarta,Bukajobs - Loker S1,https://bukajobs.com/pt-griya-miesejati-bakmi-gm/,Education match: D4 Bisnis Internasional Unpad; Willing to relocate (nationwide),None detected,Gunakan CV: CV_Fahry_Ramadhan.pdf. Highlight operational leadership & D4 Bisnis Internasional Unpad.,"NATIONWIDE_PLACEMENT, SALARY_MISSING, GPA_NOT_LISTED, DEADLINE_UNKNOWN",90,Success (HTML Fallback),Tidak tercantum,Tidak tercantum,Tidak tercantum,No GPA Listed,No GPA requirement detected,Tidak tercantum,Unknown,Tidak tercantum,Unknown,No deadline detected,Score below 75
151,40,Not Recommended,Skip,PT Isuzu Astra Motor Indonesia,PT Isuzu,Jakarta,Bukajobs - Loker S1,https://bukajobs.com/pt-isuzu-astra-motor-indonesia/,Education match: D4 Bisnis Internasional Unpad; Willing to relocate (nationwide),None detected,Gunakan CV: CV_ID_Fahry_Ramadhan.pdf. Highlight operational leadership & D4 Bisnis Internasional Unpad.,"NATIONWIDE_PLACEMENT, SALARY_MISSING, GPA_NOT_LISTED, DEADLINE_UNKNOWN",90,Success (HTML Fallback),Tidak tercantum,Tidak tercantum,Tidak tercantum,No GPA Listed,No GPA requirement detected,Tidak tercantum,Unknown,Tidak tercantum,Unknown,No deadline detected,Score below 75
152,40,Not Recommended,Skip,PT Linde Indonesia,PT Linde,Jakarta,Bukajobs - Loker S1,https://bukajobs.com/pt-linde-indonesia/,Education match: D4 Bisnis Internasional Unpad; Willing to relocate (nationwide),None detected,Gunakan CV: CV_Fahry_Ramadhan.pdf. Highlight operational leadership & D4 Bisnis Internasional Unpad.,"NATIONWIDE_PLACEMENT, SALARY_MISSING, GPA_NOT_LISTED, DEADLINE_UNKNOWN",90,Success (HTML Fallback),Tidak tercantum,Tidak tercantum,Tidak tercantum,No GPA Listed,No GPA requirement detected,Tidak tercantum,Unknown,Tidak tercantum,Unknown,No deadline detected,Score below 75
153,40,Not Recommended,Skip,PT Mada Wikri Tunggal,PT Mada,Jakarta,Bukajobs - Loker S1,https://bukajobs.com/pt-mada-wikri-tunggal/,Education match: D4 Bisnis Internasional Unpad; Willing to relocate (nationwide),None detected,Gunakan CV: CV_Fahry_Ramadhan.pdf. Highlight operational leadership & D4 Bisnis Internasional Unpad.,"NATIONWIDE_PLACEMENT, SALARY_MISSING, GPA_NOT_LISTED, DEADLINE_UNKNOWN",90,Success (HTML Fallback),Tidak tercantum,Tidak tercantum,Tidak tercantum,No GPA Listed,No GPA requirement detected,Tidak tercantum,Unknown,Tidak tercantum,Unknown,No deadline detected,Score below 75
154,40,Not Recommended,Skip,PT Mitra Adiperkasa Tbk,PT Mitra,Jakarta,Disnakerja - Management Trainee,https://www.disnakerja.com/lowongan-kerja-pt-mitra-adiperkasa-tbk/,Experience match: Entry level (0-2 years); Industry match: Mining; Willing to relocate (nationwide),None detected,Gunakan CV: CV_Fahry_Ramadhan.pdf. Highlight operational leadership & D4 Bisnis Internasional Unpad.,"FRESH_GRAD_ACCEPTED, MAJOR_RISK, NATIONWIDE_PLACEMENT, SALARY_MISSING, GPA_NOT_LISTED, DEADLINE_UNKNOWN",90,Success (HTML Fallback),Tidak tercantum,Tidak tercantum,Tidak tercantum,No GPA Listed,No GPA requirement detected,Tidak tercantum,Unknown,Tidak tercantum,Unknown,No deadline detected,Score below 75
155,40,Not Recommended,Skip,Apical Group Ltd,PT New,Jakarta,Disnakerja - Management Trainee,https://www.disnakerja.com/lowongan-kerja-apical-group-ltd/,Experience match: Entry level (0-2 years); Industry match: Mining; Willing to relocate (nationwide),None detected,Gunakan CV: CV_Fahry_Ramadhan.pdf. Highlight operational leadership & D4 Bisnis Internasional Unpad.,"FRESH_GRAD_ACCEPTED, MAJOR_RISK, NATIONWIDE_PLACEMENT, SALARY_MISSING, GPA_NOT_LISTED, DEADLINE_UNKNOWN",90,Success (HTML Fallback),Tidak tercantum,Tidak tercantum,Tidak tercantum,No GPA Listed,No GPA requirement detected,Tidak tercantum,Unknown,Tidak tercantum,Unknown,No deadline detected,Score below 75
156,40,Not Recommended,Skip,PT Nusantara Sejahtera Raya Tbk (Cinema XXI),PT Nusantara,Jakarta,Bukajobs - Loker S1,https://bukajobs.com/pt-nusantara-sejahtera-raya-tbk-cinema-xxi/,Education match: D4 Bisnis Internasional Unpad; Willing to relocate (nationwide),None detected,Gunakan CV: CV_Fahry_Ramadhan.pdf. Highlight operational leadership & D4 Bisnis Internasional Unpad.,"NATIONWIDE_PLACEMENT, SALARY_MISSING, GPA_NOT_LISTED, DEADLINE_UNKNOWN",90,Success (HTML Fallback),Tidak tercantum,Tidak tercantum,Tidak tercantum,No GPA Listed,No GPA requirement detected,Tidak tercantum,Unknown,Tidak tercantum,Unknown,No deadline detected,Score below 75
157,40,Not Recommended,Skip,PT Paragon Technology and Innovation,PT Paragon,Jakarta,Bukajobs - Loker S1,https://bukajobs.com/pt-paragon-technology-and-innovation/,Education match: D4 Bisnis Internasional Unpad; Willing to relocate (nationwide),None detected,Gunakan CV: CV_Fahry_Ramadhan.pdf. Highlight operational leadership & D4 Bisnis Internasional Unpad.,"NATIONWIDE_PLACEMENT, SALARY_MISSING, GPA_NOT_LISTED, DEADLINE_UNKNOWN",90,Success (HTML Fallback),Tidak tercantum,Tidak tercantum,Tidak tercantum,No GPA Listed,No GPA requirement detected,Tidak tercantum,Unknown,Tidak tercantum,Unknown,No deadline detected,Score below 75
158,40,Not Recommended,Skip,PT Pelita Bandar Nasional (Pelni Crewing),PT Pelita,Jakarta,Disnakerja - Jobs,https://www.disnakerja.com/pt-pelita-bandar-nasional-pelni-crewing/,Experience match: Entry level (0-2 years); Industry match: Mining; Willing to relocate (nationwide),None detected,Gunakan CV: CV_Fahry_Ramadhan.pdf. Highlight operational leadership & D4 Bisnis Internasional Unpad.,"FRESH_GRAD_ACCEPTED, MAJOR_RISK, NATIONWIDE_PLACEMENT, SALARY_MISSING, GPA_NOT_LISTED, DEADLINE_UNKNOWN",90,Success (HTML Fallback),Tidak tercantum,Tidak tercantum,Tidak tercantum,No GPA Listed,No GPA requirement detected,Tidak tercantum,Unknown,Tidak tercantum,Unknown,No deadline detected,Score below 75
159,40,Not Recommended,Skip,PT Santos Jaya Abadi (Kapal Api Global),PT Santos,Surabaya,Disnakerja - MT Blog,https://www.disnakerja.com/pt-santos-jaya-abadi-kapal-api-global/,Experience match: Entry level (0-2 years); Industry match: Mining; Willing to relocate (nationwide),None detected,Gunakan CV: CV_Fahry_Ramadhan.pdf. Highlight operational leadership & D4 Bisnis Internasional Unpad.,"FRESH_GRAD_ACCEPTED, MAJOR_RISK, NATIONWIDE_PLACEMENT, SALARY_MISSING, GPA_NOT_LISTED, DEADLINE_UNKNOWN",90,Success (HTML Fallback),Tidak tercantum,Tidak tercantum,Tidak tercantum,No GPA Listed,No GPA requirement detected,Tidak tercantum,Unknown,Tidak tercantum,Unknown,No deadline detected,Score below 75
160,40,Not Recommended,Skip,PT Simi Precision Machinery Indonesia,PT Simi,Jakarta,Bukajobs - Loker S1,https://bukajobs.com/pt-simi-precision-machinery-indonesia/,Education match: D4 Bisnis Internasional Unpad; Willing to relocate (nationwide),None detected,Gunakan CV: CV_Fahry_Ramadhan.pdf. Highlight operational leadership & D4 Bisnis Internasional Unpad.,"NATIONWIDE_PLACEMENT, SALARY_MISSING, GPA_NOT_LISTED, DEADLINE_UNKNOWN",90,Success (HTML Fallback),Tidak tercantum,Tidak tercantum,Tidak tercantum,No GPA Listed,No GPA requirement detected,Tidak tercantum,Unknown,Tidak tercantum,Unknown,No deadline detected,Score below 75
161,40,Not Recommended,Skip,Apical Group Ltd,PT Toyoda,Jakarta,Bukajobs - Loker S1,https://bukajobs.com/apical-group-ltd/,Education match: D4 Bisnis Internasional Unpad; Willing to relocate (nationwide),None detected,Gunakan CV: CV_Fahry_Ramadhan.pdf. Highlight operational leadership & D4 Bisnis Internasional Unpad.,"NATIONWIDE_PLACEMENT, SALARY_MISSING, GPA_NOT_LISTED, DEADLINE_UNKNOWN",90,Success (HTML Fallback),Tidak tercantum,Tidak tercantum,Tidak tercantum,No GPA Listed,No GPA requirement detected,Tidak tercantum,Unknown,Tidak tercantum,Unknown,No deadline detected,Score below 75
162,40,Not Recommended,Skip,PT ABeam Consulting Indonesia,PT Toyoda,Jakarta,Bukajobs - Loker S1,https://bukajobs.com/pt-abeam-consulting-indonesia/,Education match: D4 Bisnis Internasional Unpad; Willing to relocate (nationwide),None detected,Gunakan CV: CV_Fahry_Ramadhan.pdf. Highlight operational leadership & D4 Bisnis Internasional Unpad.,"NATIONWIDE_PLACEMENT, SALARY_MISSING, GPA_NOT_LISTED, DEADLINE_UNKNOWN",90,Success (HTML Fallback),Tidak tercantum,Tidak tercantum,Tidak tercantum,No GPA Listed,No GPA requirement detected,Tidak tercantum,Unknown,Tidak tercantum,Unknown,No deadline detected,Score below 75
163,40,Not Recommended,Skip,TELL Hotel,PT Toyoda,Jakarta,Bukajobs - Loker S1,https://bukajobs.com/tell-hotel/,Education match: D4 Bisnis Internasional Unpad; Willing to relocate (nationwide),None detected,Gunakan CV: CV_Fahry_Ramadhan.pdf. Highlight operational leadership & D4 Bisnis Internasional Unpad.,"NATIONWIDE_PLACEMENT, SALARY_MISSING, GPA_NOT_LISTED, DEADLINE_UNKNOWN",90,Success (HTML Fallback),Tidak tercantum,Tidak tercantum,Tidak tercantum,No GPA Listed,No GPA requirement detected,Tidak tercantum,Unknown,Tidak tercantum,Unknown,No deadline detected,Score below 75
164,40,Not Recommended,Skip,PT Wahana Prestasi Logistik (Wahana Express),PT Wahana,Tangerang,Disnakerja - Management Trainee,https://www.disnakerja.com/pt-wahana-prestasi-logistik-wahana-express/,Experience match: Entry level (0-2 years); Industry match: Mining; Willing to relocate (nationwide),None detected,Gunakan CV: CV_Fahry_Ramadhan.pdf. Highlight operational leadership & D4 Bisnis Internasional Unpad.,"FRESH_GRAD_ACCEPTED, MAJOR_RISK, NATIONWIDE_PLACEMENT, SALARY_MISSING, GPA_NOT_LISTED, DEADLINE_UNKNOWN",90,Success (HTML Fallback),Tidak tercantum,Tidak tercantum,Tidak tercantum,No GPA Listed,No GPA requirement detected,Tidak tercantum,Unknown,Tidak tercantum,Unknown,No deadline detected,Score below 75
165,40,Not Recommended,Skip,PT Xiaomi Communications Indonesia,PT Xiaomi,Jakarta,Disnakerja - Management Trainee,https://www.disnakerja.com/pt-xiaomi-communications-indonesia/,Experience match: Entry level (0-2 years); Industry match: Mining; Willing to relocate (nationwide),None detected,Gunakan CV: CV_Fahry_Xiaomi_NewRetailMT.pdf. Highlight operational leadership & D4 Bisnis Internasional Unpad.,"FRESH_GRAD_ACCEPTED, MAJOR_RISK, NATIONWIDE_PLACEMENT, SALARY_MISSING, GPA_NOT_LISTED, DEADLINE_UNKNOWN",90,Success (HTML Fallback),Tidak tercantum,Tidak tercantum,Tidak tercantum,No GPA Listed,No GPA requirement detected,Tidak tercantum,Unknown,Tidak tercantum,Unknown,No deadline detected,Score below 75
166,40,Not Recommended,Skip,PT Baratama Putra Perkasa,PT Baratama,Tidak tercantum,Disnakerja - Management Trainee,https://www.disnakerja.com/pt-baratama-putra-perkasa/,Experience match: Entry level (0-2 years); Industry match: Mining; Willing to relocate (nationwide),None detected,Gunakan CV: CV_Fahry_Ramadhan.pdf. Highlight operational leadership & D4 Bisnis Internasional Unpad.,"FRESH_GRAD_ACCEPTED, MAJOR_RISK, NATIONWIDE_PLACEMENT, SALARY_MISSING, GPA_NOT_LISTED, DEADLINE_UNKNOWN",75,Success (HTML Fallback),Tidak tercantum,Tidak tercantum,Tidak tercantum,No GPA Listed,No GPA requirement detected,Tidak tercantum,Unknown,Tidak tercantum,Unknown,No deadline detected,Score below 75
167,40,Not Recommended,Skip,PT Korea Tomorrow & Global TSPM,PT Korea,Jakarta,Disnakerja - Management Trainee,https://www.disnakerja.com/pt-korea-tomorrow-global-tspm/,Experience match: Entry level (0-2 years); Industry match: Mining; Willing to relocate (nationwide),None detected,Gunakan CV: CV_Fahry_Ramadhan.pdf. Highlight operational leadership & D4 Bisnis Internasional Unpad.,"FRESH_GRAD_ACCEPTED, MAJOR_RISK, NATIONWIDE_PLACEMENT, SALARY_MISSING, GPA_NOT_LISTED, DEADLINE_UNKNOWN",75,Success (HTML Fallback),Tidak tercantum,Tidak tercantum,Tidak tercantum,No GPA Listed,No GPA requirement detected,Tidak tercantum,Unknown,Tidak tercantum,Unknown,No deadline detected,Score below 75
168,40,Not Recommended,Skip,Category:Fresh Graduate,PT New,Jakarta,Disnakerja - Jobs,https://www.disnakerja.com/kategori/fresh-graduate/,Experience match: Entry level (0-2 years); Industry match: Mining; Willing to relocate (nationwide),None detected,Gunakan CV: CV_Fahry_Ramadhan.pdf. Highlight operational leadership & D4 Bisnis Internasional Unpad.,"FRESH_GRAD_ACCEPTED, MAJOR_RISK, NATIONWIDE_PLACEMENT, SALARY_MISSING, GPA_NOT_LISTED, DEADLINE_UNKNOWN",75,Success (HTML Fallback),Tidak tercantum,Tidak tercantum,Tidak tercantum,No GPA Listed,No GPA requirement detected,Tidak tercantum,Unknown,Tidak tercantum,Unknown,No deadline detected,Score below 75
169,40,Not Recommended,Skip,First Resources Group Ltd,PT New,Tidak tercantum,Disnakerja - Management Trainee,https://www.disnakerja.com/lowongan-kerja-first-resources-limited/,Experience match: Entry level (0-2 years); Industry match: Mining; Willing to relocate (nationwide),None detected,Gunakan CV: CV_Fahry_Ramadhan.pdf. Highlight operational leadership & D4 Bisnis Internasional Unpad.,"FRESH_GRAD_ACCEPTED, MAJOR_RISK, NATIONWIDE_PLACEMENT, SALARY_MISSING, GPA_NOT_LISTED, DEADLINE_UNKNOWN",75,Success (HTML Fallback),Tidak tercantum,Tidak tercantum,Tidak tercantum,No GPA Listed,No GPA requirement detected,Tidak tercantum,Unknown,Tidak tercantum,Unknown,No deadline detected,Score below 75
170,40,Not Recommended,Skip,Gunung Sewu Group,PT New,Jakarta,Disnakerja - Management Trainee,https://www.disnakerja.com/lowongan-kerja-gunung-sewu-group/,Experience match: Entry level (0-2 years); Industry match: Mining; Willing to relocate (nationwide),None detected,Gunakan CV: CV_Fahry_Ramadhan.pdf. Highlight operational leadership & D4 Bisnis Internasional Unpad.,"FRESH_GRAD_ACCEPTED, MAJOR_RISK, NATIONWIDE_PLACEMENT, SALARY_MISSING, GPA_NOT_LISTED, DEADLINE_UNKNOWN",75,Success (HTML Fallback),Tidak tercantum,Tidak tercantum,Tidak tercantum,No GPA Listed,No GPA requirement detected,Tidak tercantum,Unknown,Tidak tercantum,Unknown,No deadline detected,Score below 75
171,40,Not Recommended,Skip,Indoprima Group,PT New,Tidak tercantum,Disnakerja - Management Trainee,https://www.disnakerja.com/indoprima-group/,Experience match: Entry level (0-2 years); Industry match: Mining; Willing to relocate (nationwide),None detected,Gunakan CV: CV_Fahry_Ramadhan.pdf. Highlight operational leadership & D4 Bisnis Internasional Unpad.,"FRESH_GRAD_ACCEPTED, MAJOR_RISK, NATIONWIDE_PLACEMENT, SALARY_MISSING, GPA_NOT_LISTED, DEADLINE_UNKNOWN",75,Success (HTML Fallback),Tidak tercantum,Tidak tercantum,Tidak tercantum,No GPA Listed,No GPA requirement detected,Tidak tercantum,Unknown,Tidak tercantum,Unknown,No deadline detected,Score below 75
172,40,Not Recommended,Skip,PT ASDP Indonesia Ferry (Persero),PT New,Tidak tercantum,Disnakerja - Jobs,https://www.disnakerja.com/lowongan-kerja-pt-asdp-indonesia-ferry-persero/,Experience match: Entry level (0-2 years); Industry match: Mining; Willing to relocate (nationwide),None detected,Gunakan CV: CV_Fahry_Ramadhan.pdf. Highlight operational leadership & D4 Bisnis Internasional Unpad.,"FRESH_GRAD_ACCEPTED, MAJOR_RISK, NATIONWIDE_PLACEMENT, SALARY_MISSING, GPA_NOT_LISTED, DEADLINE_UNKNOWN",75,Success (HTML Fallback),Tidak tercantum,Tidak tercantum,Tidak tercantum,No GPA Listed,No GPA requirement detected,Tidak tercantum,Unknown,Tidak tercantum,Unknown,No deadline detected,Score below 75
173,40,Not Recommended,Skip,PT SBA Wood Industries,PT New,Tidak tercantum,Disnakerja - Management Trainee,https://www.disnakerja.com/lowongan-kerja-pt-sba-wood-industries/,Experience match: Entry level (0-2 years); Industry match: Mining; Willing to relocate (nationwide),None detected,Gunakan CV: CV_Fahry_Ramadhan.pdf. Highlight operational leadership & D4 Bisnis Internasional Unpad.,"FRESH_GRAD_ACCEPTED, MAJOR_RISK, NATIONWIDE_PLACEMENT, SALARY_MISSING, GPA_NOT_LISTED, DEADLINE_UNKNOWN",75,Success (HTML Fallback),Tidak tercantum,Tidak tercantum,Tidak tercantum,No GPA Listed,No GPA requirement detected,Tidak tercantum,Unknown,Tidak tercantum,Unknown,No deadline detected,Score below 75
174,40,Not Recommended,Skip,Rekrutmen SDM Awak Kapal Perikanan KKP RI,PT New,Tidak tercantum,Disnakerja - Jobs,https://www.disnakerja.com/rekrutmen-sdm-awak-kapal-perikanan-kkp-ri/,Experience match: Entry level (0-2 years); Industry match: Mining; Willing to relocate (nationwide),None detected,Gunakan CV: CV_Fahry_Ramadhan.pdf. Highlight operational leadership & D4 Bisnis Internasional Unpad.,"FRESH_GRAD_ACCEPTED, MAJOR_RISK, NATIONWIDE_PLACEMENT, SALARY_MISSING, GPA_NOT_LISTED, DEADLINE_UNKNOWN",75,Success (HTML Fallback),Tidak tercantum,Tidak tercantum,Tidak tercantum,No GPA Listed,No GPA requirement detected,Tidak tercantum,Unknown,Tidak tercantum,Unknown,No deadline detected,Score below 75
175,40,Not Recommended,Skip,PT Santosa Utama Lestari (member of Japfa Group),PT Santosa,Jakarta,Disnakerja - Management Trainee,https://www.disnakerja.com/pt-santosa-utama-lestari-member-of-japfa-group/,Experience match: Entry level (0-2 years); Industry match: Mining; Willing to relocate (nationwide),None detected,Gunakan CV: CV_Fahry_Ramadhan.pdf. Highlight operational leadership & D4 Bisnis Internasional Unpad.,"FRESH_GRAD_ACCEPTED, MAJOR_RISK, NATIONWIDE_PLACEMENT, SALARY_MISSING, GPA_NOT_LISTED, DEADLINE_UNKNOWN",75,Success (HTML Fallback),Tidak tercantum,Tidak tercantum,Tidak tercantum,No GPA Listed,No GPA requirement detected,Tidak tercantum,Unknown,Tidak tercantum,Unknown,No deadline detected,Score below 75
176,40,Not Recommended,Skip,PT Thiess Contractors Indonesia (Thiess Indonesia),PT Thiess,Tidak tercantum,Disnakerja - Jobs,https://www.disnakerja.com/lowongan-kerja-pt-thiess-contractors-indonesia-thiess-indonesia/,Experience match: Entry level (0-2 years); Industry match: Mining; Willing to relocate (nationwide),None detected,Gunakan CV: CV_Fahry_Ramadhan.pdf. Highlight operational leadership & D4 Bisnis Internasional Unpad.,"FRESH_GRAD_ACCEPTED, MAJOR_RISK, NATIONWIDE_PLACEMENT, SALARY_MISSING, GPA_NOT_LISTED, DEADLINE_UNKNOWN",75,Success (HTML Fallback),Tidak tercantum,Tidak tercantum,Tidak tercantum,No GPA Listed,No GPA requirement detected,Tidak tercantum,Unknown,Tidak tercantum,Unknown,No deadline detected,Score below 75
177,40,Not Recommended,Skip,PT Tower Bersama Infrastructure Tbk,PT Tower,Tidak tercantum,Disnakerja - Management Trainee,https://www.disnakerja.com/lowongan-kerja-pt-tower-bersama-infrastructure-tbk/,Experience match: Entry level (0-2 years); Industry match: Mining; Willing to relocate (nationwide),None detected,Gunakan CV: CV_Fahry_Ramadhan.pdf. Highlight operational leadership & D4 Bisnis Internasional Unpad.,"FRESH_GRAD_ACCEPTED, MAJOR_RISK, NATIONWIDE_PLACEMENT, SALARY_MISSING, GPA_NOT_LISTED, DEADLINE_UNKNOWN",75,Success (HTML Fallback),Tidak tercantum,Tidak tercantum,Tidak tercantum,No GPA Listed,No GPA requirement detected,Tidak tercantum,Unknown,Tidak tercantum,Unknown,No deadline detected,Score below 75
178,40,Not Recommended,Skip,ARISTA Group,PT New,Tidak tercantum,Disnakerja - Management Trainee,https://www.disnakerja.com/lowongan-kerja-pt-arista-jaya-lestari-wuling-motors/,Experience match: Entry level (0-2 years); Industry match: Mining; Willing to relocate (nationwide),None detected,Gunakan CV: CV_Fahry_Ramadhan.pdf. Highlight operational leadership & D4 Bisnis Internasional Unpad.,"FRESH_GRAD_ACCEPTED, MAJOR_RISK, NATIONWIDE_PLACEMENT, SALARY_MISSING, GPA_NOT_LISTED, DEADLINE_UNKNOWN",60,Success (HTML Fallback),Tidak tercantum,Tidak tercantum,Tidak tercantum,No GPA Listed,No GPA requirement detected,Tidak tercantum,Unknown,Tidak tercantum,Unknown,No deadline detected,Score below 75
179,40,Not Recommended,Skip,PT ITCI Hutani Manunggal,PT New,Tidak tercantum,Disnakerja - Management Trainee,https://www.disnakerja.com/lowongan-kerja-pt-itci-hutani-manunggal/,Experience match: Entry level (0-2 years); Industry match: Mining; Willing to relocate (nationwide),None detected,Gunakan CV: CV_Fahry_Ramadhan.pdf. Highlight operational leadership & D4 Bisnis Internasional Unpad.,"FRESH_GRAD_ACCEPTED, MAJOR_RISK, NATIONWIDE_PLACEMENT, SALARY_MISSING, GPA_NOT_LISTED, DEADLINE_UNKNOWN",60,Success (HTML Fallback),Tidak tercantum,Tidak tercantum,Tidak tercantum,No GPA Listed,No GPA requirement detected,Tidak tercantum,Unknown,Tidak tercantum,Unknown,No deadline detected,Score below 75
